#,Account,Amount,Value,Percentage,Last Txn Time (UTC)
1,TMuA6YqfCeX8EhbfYEg5y7S4DqzSJireY9,3999333656.372439,4000141195.26,0.0647,2024-08-26 12:01:06
2,TT1DyeqXaaJkt6UhVYFWUXBXknaXnBudTK,2164997611.001000,2165434763.76,0.0350,2024-07-21 18:43:03
3,TWd4WrZ9wn84f5x1hZhL4DHvk738ns5jwb,1900000001.000000,1900383645.88,0.0307,2024-09-21 06:52:00
4,TMwf7KT8CCdUKuZfKNPTTjbYkFb3eGRbzY,1797099992.299149,1797462859.78,0.0290,2024-09-19 16:35:45
5,TKHuVq1oKVruCGLvqVexFs6dawKv6fQgFs,777283407.498291,777440355.28,0.0125,2024-09-21 11:15:00
6,TRGCqsUXeynKTgynp2j9g3sg7Nux2KtB3u,550000034.994100,550111090.09,0.0088,2024-09-18 15:32:27
7,TTd9qHyjqiUkfTxe3gotbuTMpjU8LEbpkN,432435037.814096,432522354.38,0.0069,2024-09-21 12:27:12
8,TDqSquXBgUCLYvYC4XZgrprLK589dkhSCf,354272760.444049,354344294.61,0.0057,2024-09-21 12:26:27
9,TNiq9AXBp9EjUqhDhrwrfvAA8U3GUQZH81,212922432.054451,212965425.00,0.0034,2024-08-14 06:51:27
10,TB1cPNTPE2yKRbyd5C3hd9KMXgb8HqW1CM,176597268.890261,176632927.12,0.0028,2024-09-20 08:59:24
11,TRJvQFUWwSmnk5rgM8m4HgE6Csj2qPEupX,169321774.369857,169355963.54,0.0027,2024-08-30 01:25:51
12,TRYL7PKCG4b4xRCM554Q5J6o8f1UjUmfnY,162082633.293314,162115360.75,0.0026,2024-09-14 08:19:36
13,TXJgMdjVX5dKiQaUi9QobwNxtSQaFqccvd,160178563.503627,160210906.49,0.0025,2024-09-21 12:09:42
14,TU4vEruvZwLLkSfV9bNw12EJTPvNr7Pvaa,154493162.319841,154524357.32,0.0024,2024-09-21 12:26:24
15,TBA6CypYJizwA9XdC7Ubgc5F1bxrQ7SqPt,144471278.187126,144500449.59,0.0023,2024-09-21 12:27:15
16,TTiDLWE6fZK8okMJv6ijg42yrH6W2pjSr9,131288616.315560,131315125.89,0.0021,2024-09-14 08:24:54
17,TXFBqBbqJommqZf7BV8NNYzePh97UmJodJ,131270309.992305,131296815.87,0.0021,2024-09-21 12:27:21
18,TU72cTvdkWvoB7xgN5TXFtoXtUuWRuvUTm,118590001.000000,118613946.49,0.0019,2024-07-07 06:48:42
19,TYASr5UV6HEcXatwdFQfmLVUqQQQMUxHLS,112381515.392321,112404207.28,0.0018,2024-09-21 12:26:27
20,TQrY8tryqsYVCYS3MFbtffiPp2ccyn4STm,107600791.341212,107622517.91,0.0017,2024-09-21 12:26:27
21,TQLz9rCrgnk8K2FcAsT8B7Q6vKJh48xCzZ,107172623.852422,107194263.97,0.0017,2024-09-16 09:16:30
22,TYtRsvRY5a23BHnm6pa3oCfPxoTeHtz12P,104399923.962031,104421004.22,0.0016,2024-09-20 09:33:45
23,TDStgfL1SHq69fo5NZ1MBAHYqvfMAQKh2r,99851579.269100,99871741.13,0.0016,2024-09-20 13:14:21
24,THDW2bQZicUiuJxkWHhtmva9b37JFWnMf4,94226604.721475,94245630.80,0.0015,2024-04-09 16:24:51
25,TUCS5ToZvL23Q6kKtWUhAGgMfJBwPUZgfu,91004886.313686,91023261.87,0.0014,2024-09-18 14:52:54
26,TNinbemPskEReiLpaNU4qbVZNjh7BcKPok,90000000.000000,90018172.65,0.0014,2024-08-03 14:53:00
27,TNXoiAJ3dct8Fjg4M9fkLFh9S2v9TXc32G,85371210.269027,85388448.28,0.0013,2024-09-21 12:26:27
28,TRutM6QaSRSZQcR5RwWYbP7WJakqJrhyxb,82310414.634000,82327034.61,0.0013,2024-09-13 06:49:39
29,TAzsQ9Gx8eqFNFSKbeXrbi45CuVPHzA8wr,77298339.945280,77313947.89,0.0012,2024-09-21 12:26:27
30,TRVcYEBh7QaU9V7qoLk1iqzejNuYBpPx6n,74104408.726682,74119371.76,0.0011,2024-09-21 12:26:27
31,TJDENsfBJs4RFETt1X1W8wMDc8M5XnJhCe,69538190.011006,69552231.04,0.0011,2024-09-21 12:26:27
32,TKzjgap1y7MmSYnRgn9witmbR2MSg3VXz4,65985744.983068,65999068.71,0.0010,2024-09-21 12:26:27
33,TLQRqNBGfeWJx51uMzsS6xtJiRQZokreeZ,60000000.000000,60012115.10,0.0009,2024-08-06 13:24:27
34,TN6Lfia5YwJ1MrCNu3mHANrJhaMh4x8ByW,58960802.471678,58972707.74,0.0009,2024-09-21 07:09:27
35,TDCx6xCJQoo3ZohxnDxkB1PnDe5fDfUkcx,58791109.834303,58802980.83,0.0009,2024-09-20 10:01:03
36,TWu7g6oWG45xP5VaSCLA8tiN25ELjWPw57,58696017.998351,58707869.80,0.0009,2024-07-29 03:43:03
37,TTr4STG8SMVrPafYZEvFjZoerPGFTD8vUR,55050020.006200,55061135.61,0.0008,2024-07-29 03:43:03
38,TM1zzNDZD2DPASbKcgdVoTYhfmYgtfwx9R,53149328.181729,53160060.00,0.0008,2024-09-21 12:26:27
39,TDG6KYz9wDg3BB58jLgyDggWVSGYw2zuKD,51800000.725001,51810460.09,0.0008,2024-07-10 18:13:15
40,TDcmBrc1dYyq3MttF8PGZB4KNPAdfUFKc6,51050000.000000,51060307.93,0.0008,2024-07-17 08:59:27
41,TSUUVjysXV8YqHytSNjfkNXnnB49QDvZpx,50957861.243367,50968150.57,0.0008,2024-09-21 12:26:03
42,TGTsSX3L2BF7jcYW1695k63uTmU7YBVGQu,50010265.125002,50020363.11,0.0008,2024-08-05 14:25:45
43,TB37WWozkkenGVYWD7Do2N5WT2CedqDktJ,48955860.561929,48965745.64,0.0007,2024-09-21 10:27:27
44,TVkfauFVMA8WMwEVrdkitGdNEZKUNaa4LM,48003001.004001,48012693.69,0.0007,2024-09-19 14:24:54
45,TYDzsYUEpvnYmQk4zGP9sWWcTEd2MiAtW6,46690902.132487,46700329.88,0.0007,2023-06-03 06:45:00
46,TRqtSahVi28Rfd1uEW5ap6NzFoGWDwDUyu,46150000.106202,46159318.63,0.0007,2024-08-29 09:08:45
47,TBxEaEgsXWn3UDhEfDEMNpQatvHPhvqm7Y,45000500.001000,45009586.42,0.0007,2024-03-20 13:06:57
48,TQeNNo5zVarhdKm5EiJSekfNXg6H1tRN4n,45000004.678319,45009091.00,0.0007,2024-09-20 14:47:39
49,TLtatzKLjhDxEALsRAZUBVFKPrdKK8GRTY,44666449.980126,44675468.95,0.0007,2024-09-20 16:49:57
50,TFbrM6tiw4A3AhFQAyY7u6jYs7m2HFKavU,43820030.740342,43828878.80,0.0007,2024-09-19 12:58:36
51,TCtVtrdy8sSXGMx1QYUjMrAvau1pduC2Aa,42000000.100001,42008480.67,0.0006,2024-09-03 13:23:39
52,TFjWavS4dveueTwzTskp3wGkChADyfyArL,40480019.409127,40488193.06,0.0006,2024-02-20 22:36:27
53,TRqkA5owk2n7VfTRM49u6AZKeWZZHhks2d,40465000.005001,40473170.63,0.0006,2024-09-16 11:50:39
54,TSeVWaLuqZyg39YfcmxLPa3G3nDsDX2HkQ,37980000.000000,37987668.85,0.0006,2024-09-17 13:48:45
55,TFYt9fRuZAtUzq19PHTMggQy9dMeWceYPz,37704120.000000,37711733.15,0.0006,2024-09-19 09:40:00
56,TXNYeYdao7JL7wBtmzbk7mAie7UZsdgVjx,37374966.000000,37382512.69,0.0006,2024-04-23 09:20:39
57,TLvmLspsvPDzuBiZNygYADRyWxrtixh3cn,37131121.332214,37138618.78,0.0006,2024-09-16 12:21:00
58,TFGDbUyP8xez44C76fin3bn3Ss6jugoUwJ,36972329.441719,36979794.83,0.0005,2024-09-21 12:27:21
59,TGCYNe9tzTbR4HAdcLUqTmKJuNrzRV7Mqv,36713672.058702,36721085.22,0.0005,2024-09-07 16:23:54
60,TLb8h1T6JiFV8gn6MU1PjHNnzZo9ECAqMa,35050011.820990,35057089.06,0.0005,2024-07-23 05:03:45
61,TD32z28Qmyz1zj3LfoYMGnfxPTbsVopCSj,34907446.075949,34914494.53,0.0005,2024-09-21 12:25:00
62,THqaCGcYASRcYCPSLqEU95z6BnzEtGxfWP,34095714.173679,34102598.72,0.0005,2024-09-21 01:10:21
63,TTYR4Wt17FHd7NPow4KqohNbtp41cNvWL8,33343116.207199,33349848.79,0.0005,2024-08-11 14:56:18
64,TK86Qm97uM848dMk8G7xNbJB7zG1uW3h1n,33000001.000000,33006664.30,0.0005,2024-09-21 11:33:12
65,TJxtqkakLBtD7BwVXeV2McvCdSRbjchTBr,32467326.466896,32473882.21,0.0005,2024-03-19 14:51:36
66,TFZ4W42vWVyUnJjwZU6j2f2nXdtuQtzmcR,32106553.844001,32113036.74,0.0005,2024-09-21 12:24:51
67,TX42iZ53BEWV6pFH7u4CpC6tPN3Y2ZbbJ6,31979919.860555,31986377.19,0.0005,2024-09-17 10:52:36
68,TYgdwWmosphfr37USj9DAq1QvjjWPetruU,31306507.927824,31312829.28,0.0005,2024-08-12 11:14:21
69,TQFS9E84qM2Ps7FCUi29aBgvvCotDfY1aR,30800000.000000,30806219.08,0.0004,2023-12-30 19:14:24
70,T9yYMb2xSAegJw5khdy1xHuWBiZbgu8vCa,30050001.818500,30056069.46,0.0004,2024-09-07 07:31:30
71,TTr2we4YpHSHoZkbgcAKoeHcBWpMNy4kxd,30000800.000000,30006857.71,0.0004,2024-04-06 16:45:06
72,TFFpx5DoMqFkrH1sAxw17uVZuhCN85MAZ1,30000390.708649,30006448.33,0.0004,2023-08-16 22:11:24
73,TXyEekcwacisrnn1h98bXpjGXHFEFz7Lgf,30000072.500000,30006130.06,0.0004,2024-08-03 17:37:00
74,TTEG63CDQDj68k8CHWc9kEmedF5DvYLpk4,30000059.397972,30006116.96,0.0004,2024-07-26 19:57:09
75,TKdRPA1geyM7UBc4MrbyUP1EzZxeFTtTek,30000009.000000,30006066.55,0.0004,2024-05-29 07:41:21
76,TSn9M4thj4nZ45M4WkGDa2nqXVeQQujJm6,30000000.466205,30006058.01,0.0004,2023-10-28 08:47:57
77,TLs2pP4QyUocFkVqKGgJ4eTWfdr91rYERF,30000000.000000,30006057.55,0.0004,2023-11-20 12:21:42
78,THK8shATwr5zTGz67zvS17PefCxstMK8vr,30000000.000000,30006057.55,0.0004,2024-08-14 09:17:27
79,TNVaKWQzau7xL9bcnvLmF9KSEQkWEs4Ug8,29620333.024481,29626313.91,0.0004,2024-07-16 09:15:18
80,TG5WoBnJw8YCRhBDpboABUzK9ENUkxCy3x,29000000.020001,29005855.65,0.0004,2024-08-30 04:18:09
81,TTyjFf7xwLwA6fMwrtBBWTmufZztEj1Fbh,29000000.000000,29005855.63,0.0004,2024-05-12 07:51:12
82,TCYpJ6MMzd9ytoUvD82HnS58iV75QimPh6,28363011.607880,28368738.62,0.0004,2022-11-21 07:03:33
83,TAAS259FAUGTpZe4MW951ojMHBMzf8qDpG,26888047.724821,26893476.91,0.0004,2024-03-29 10:35:30
84,TDcqTm2HcVhDKHVovoDm994Q2QWPFXT3DK,26883647.925195,26889076.22,0.0004,2023-11-17 13:27:39
85,TQ3yqNwoY4uVUL7D5eE7ph2ZCYExqs2qVw,26037489.802023,26042747.24,0.0004,2024-09-10 08:51:33
86,TTzY761wSrHMGYo1ysHpguNkh2t6geDnsp,25916916.253626,25922149.35,0.0004,2023-11-23 08:48:27
87,TVPQLkVXvN7MduHWhD4Q7rGVyRdDu5R8F6,25209455.632831,25214545.88,0.0004,2024-05-11 03:28:36
88,TC4wN22qwDvNDv6y3sBxUMFZQPhYojgQUE,25134970.486925,25140045.69,0.0004,2024-09-12 11:48:30
89,TGqi3kaPefDeys6vv3iP892PXK2sDLc1BM,25000070.746387,25005118.71,0.0004,2024-09-18 20:08:42
90,TEiwQ6EyiiZG1FbaQi5kg47sfaMzsq7mfv,25000000.000000,25005047.95,0.0004,2023-10-28 08:28:48
91,TL2yHsUCGCtNDc72nr3VWzKmQoHP8Dubfa,24995000.000000,25000046.94,0.0004,2024-09-11 10:27:54
92,TKbrcSXvaxyzvQqEYCqcDcSRq7XQev7fv1,24806612.485502,24811621.39,0.0004,2024-07-09 17:51:21
93,TG5PGoaP1zdwcH2tbkMPqU4LPuxzZfoeRi,24439945.898312,24444880.77,0.0003,2024-06-13 09:26:45
94,TNfxWNw1wngrfdn59HZgRi3NBkvnZ2BZ1o,24315884.591006,24320794.41,0.0003,2024-09-20 08:57:57
95,TFdeGwt2MLtM5yGrY7Fei7S5vxq88KijiE,24000000.080000,24004846.12,0.0003,2024-09-21 10:43:57
96,TA7xUydq3K5xnxSftQMEMx49DQTbhEjkLS,23992005.210493,23996849.63,0.0003,2024-09-20 19:20:27
97,TEG2nbCCveVy8YYrNL6xCGdpRRyrE9TemB,23966735.153837,23971574.47,0.0003,2024-09-03 15:08:45
98,TPmxdfvspZfRj9ZkBVUfAvk3PbhoGAAWWs,23861430.467942,23866248.52,0.0003,2024-07-21 02:44:36
99,TZEBUCrVyAFUmaAupPN5bHJ6rN65DCPciE,23300000.091080,23304704.78,0.0003,2024-09-14 01:00:42
100,TMauqkA78pfysSTn8jD1dvEUkjme2gEEdn,23051046.795372,23055701.22,0.0003,2024-09-18 02:54:54
101,TJrTLGwExaxrwtxVrz4FaYM9TJ4p7jTMVJ,23000011.070122,23004655.19,0.0003,2024-07-04 14:23:30
102,TD6VUZ5d31C3gwDaosUt9YFeHUzDD5rpaj,23000000.849439,23004644.97,0.0003,2024-09-14 01:50:57
103,TRhiX9QXXFgVc8zXDvaXKmj3bZhoHZUbgb,23000000.016827,23004644.13,0.0003,2024-09-14 01:45:06
104,TLq9ktENPQEuzthazB4iiRubRKcqfYeU3S,22700000.000000,22704583.54,0.0003,2024-04-28 11:01:42
105,TL7d2RZ1pnCe2QEDQE5WsEVZcGrXt6Txbj,22578246.893023,22582805.85,0.0003,2024-09-07 11:40:45
106,TKzL7aSrvhXcBdzNBdRjNk8hPn5nDwR6ci,22082314.514612,22086773.33,0.0003,2024-09-17 07:40:12
107,TVvzSJGkW3UM1C9gkcFB4s2UD27rmUQeB9,22000001.343033,22004443.54,0.0003,2024-09-20 21:41:57
108,TBa6AN2FpQUJs3dnPZemDjFTB82umXQR9G,21547966.000000,21552316.92,0.0003,2023-08-03 08:44:00
109,TQgszwbQHi28Rm6Yy8EJPvWTxPLaRjsusV,21500003.519510,21504344.76,0.0003,2024-09-21 07:46:45
110,TLyqitJgYfP1ctoDzLLTzDZqzLULSGJ6iR,21226729.175791,21231015.24,0.0003,2024-09-21 12:26:27
111,TZ5mDEUYzniCeZfXLp1cic5TgJFL3Edk1n,21000693.014330,21004933.43,0.0003,2024-09-09 12:13:03
112,TSGEXDSRMtzt9swPSgzr8MKefcgEawEdmb,21000600.516059,21004840.92,0.0003,2024-09-20 07:21:36
113,TYpUPtLQ1Y8S2WFjq9m3nLMKpZJezE1jqQ,21000007.882605,21004248.16,0.0003,2024-07-14 12:28:39
114,TJ198MY9TTmN19m2cQVQaEztg2LKuNDUYB,21000002.083592,21004242.36,0.0003,2024-09-17 08:16:39
115,TGojDELFQsXHhEpadAfrbQJMku8bsvmVMs,21000000.021000,21004240.30,0.0003,2024-09-21 10:10:09
116,TYYuvF54NymZQJXbosH9EkXtbBaiAAKbrv,20704934.109273,20709114.81,0.0003,2024-09-21 12:26:03
117,TFcLDs8SWxc4WoaJvk5pXuJd6wuZkG2ZiN,20592631.877666,20596789.90,0.0003,2024-08-07 16:52:18
118,TFkHFKW8x8wn8Mctw6y1ZTZ7xxSEc6DPCL,20488018.618342,20492155.52,0.0003,2024-09-20 16:12:27
119,TD1d4r1Ytxb9HjWubFLSTyHNTMsbuKZquT,20464749.735826,20468881.94,0.0003,2024-09-21 11:59:39
120,TZ8Ksz21Hk1tQuztCKCUJBRXStCav9uyjM,20164502.925665,20168574.50,0.0003,2024-09-21 12:25:33
121,TYQgQ55h5Zw9953Vec9Tpc1w5dga5za7yR,20042636.389786,20046683.36,0.0003,2023-12-07 08:49:12
122,TT8oqGZgiu6w8V9birND5H1g8k7M9AwjrS,20010000.000000,20014040.38,0.0003,2024-06-02 15:20:27
123,TYsUrqzwVo1WZS8FvSixUungEXvUe5gGRh,20000045.000000,20004083.37,0.0003,2024-09-06 11:47:36
124,TSrfN1xWu6uiKGwC7QAxJFkqc1XAXxCnVi,20000010.000000,20004048.36,0.0003,2024-09-03 09:48:36
125,TETkMLen17wav9udMXHeFztN71daJmBhub,20000009.000000,20004047.36,0.0003,2024-02-09 22:15:48
126,TTfEPbcaThf8FjATDPWoUjHPzy5ZtwECfw,20000000.107979,20004038.47,0.0003,2024-07-16 03:33:21
127,TS5F62vCdKfz7Tr5pf26L6PUW3cxP3USyC,20000000.101000,20004038.46,0.0003,2024-09-21 10:26:45
128,TVUkNconSCD6WQN7tYibsj4YN7ABKLap4R,20000000.000000,20004038.36,0.0003,2024-07-04 10:32:03
129,TGszJW1166oJGcyFCGs8bGVeMK1Ey7YUeM,20000000.000000,20004038.36,0.0003,2024-07-12 10:57:54
130,TADKBoNPRtviD6hx8YZ97j3pDLSSaX6Gc6,20000000.000000,20004038.36,0.0003,2024-03-04 07:21:36
131,TXXzSjQ5vFy7d8wtWRy7YSFhNjgdcLEmgJ,19500005.086353,19503942.49,0.0003,2024-08-18 16:14:48
132,TQkdaaqcioUeg2cm7Bxd7PWKmnzBsuUzsg,19302383.990910,19306281.49,0.0003,2024-09-19 00:54:12
133,TVVv7j6kEtemMo89ZS1sZ6Jg54qfcH7s5V,19049117.145565,19052963.51,0.0003,2024-09-21 09:19:42
134,TMvVxpmte4U3ekTDdYXrR2e2MXx2aALyYm,19000000.000000,19003836.44,0.0003,2023-12-27 06:34:48
135,TEWzF5ZsaWMh6sTNDPrYaPJrK8TTMGfwCC,18983160.449188,18986993.49,0.0003,2024-09-21 12:18:27
136,TGM5fZuxEvq3TzReTmfnJwmacMesPbSZL1,18936315.607669,18940139.19,0.0003,2024-09-20 10:16:00
137,TA6SbszfFYC7NYt48viCM9LMD5F5E1Gbi8,18735309.645142,18739092.64,0.0003,2024-09-21 12:17:30
138,TBWQsVsegHuVxwYSAAzWW8uqBrLPhsBjWv,18350580.970561,18354286.28,0.0002,2024-09-19 13:06:45
139,TNGX1Nv1N6WLxF9T71GVCTC1jrhFmMDTDT,18274099.957960,18277789.83,0.0002,2024-09-20 12:27:15
140,TVaRQRPJh3MT3AfGLVZuaTdJL8nd176tpB,18189411.548623,18193084.32,0.0002,2024-09-14 07:52:00
141,TYdpHziFYvn8ngfSKdfBHQ8LoUPN7FJmF7,18074500.413793,18078149.98,0.0002,2024-09-07 06:27:09
142,TT2T17KZhoDu47i2E4FWxfG79zdkEWkU9N,17945353.260956,17948976.75,0.0002,2024-09-20 15:38:03
143,TReCB3c2WvTX4NbtwNLqiCyejLBnewA1q8,17875373.354763,17878982.72,0.0002,2024-09-21 07:03:03
144,TZBobmbHGEb5ndGrbC5CTU5tAuLGvPfEkk,17800000.020001,17803594.16,0.0002,2024-09-20 11:42:15
145,TAq7i8eN4SMzqkdfe3LvDFXQPareaqNwFk,17293137.269431,17296629.07,0.0002,2024-09-04 08:01:33
146,TTJmhArym5u9LyYh1ctp197FXcD7rUj5Ug,17177632.000000,17181100.47,0.0002,2024-06-20 15:29:03
147,TQBqJXbxBTP8m56exeARHKdSY6cToEzMbd,17097457.508157,17100909.79,0.0002,2024-09-20 08:24:54
148,TGqycNDuxcTLswbvUU5657yJJfgTnf5w2s,17000000.000000,17003432.61,0.0002,2024-09-18 09:30:30
149,TXvoszCXvsUasrbw7WU6gjNi4T55PWFiL7,16976449.520000,16979877.37,0.0002,2024-04-07 10:28:03
150,TYVSMqt6uitiktccDSEKykZdHSmTgh7VgH,16972268.000000,16975695.01,0.0002,2023-11-21 12:50:21
151,TWoh54Yhk6iEU2D4E7VW3hmpX9TDLrQEEB,16885575.895598,16888985.40,0.0002,2024-09-20 16:28:36
152,TUNmWkiTanNK8b1mAZLr9Jy84DeM275mxP,16766132.332019,16769517.72,0.0002,2024-09-21 05:33:09
153,TUZpgXZWnm6wy3Dn7MYX6nRTrViiHRL22r,16600000.443600,16603352.28,0.0002,2024-09-20 22:57:03
154,TDuZNCoMSu6ZvNxnuDERSLRK3pFQvr2JM2,16500000.601500,16503332.25,0.0002,2024-02-01 05:14:33
155,TKmiqjVG9jvYd9atx5qwhTRdQBf6rETsSg,16412750.776200,16416064.81,0.0002,2024-09-16 14:44:51
156,TK5foHUCaxQDH3JnQ8r6YTYtT3FLRc5Lj8,16273833.566444,16277119.55,0.0002,2024-08-21 08:43:27
157,TEZcvA2soq7aVJ52rD7X2G78TtF8tiS9Mr,16153926.556934,16157188.33,0.0002,2024-08-21 15:09:12
158,TFEw2AuYQxkvC3EG6SbBmdNYdgB9K3Vo8w,16100000.000000,16103250.88,0.0002,2024-08-13 08:51:30
159,TRkKUWdFgGKTkCrzyCHVgGXxQC2FzTsDSb,16000009.000000,16003239.69,0.0002,2024-08-28 20:34:51
160,TJVuPJ7KWeGiPVd2qh2hmzf4g74dcRvZuT,15823204.000000,15826398.99,0.0002,2024-06-20 15:24:48
161,TNUSzu8VF2sbq4UqCEANKi3a13QCZQUMs7,15606508.000000,15609659.24,0.0002,2024-02-10 12:48:33
162,TTJRGGiAvZRQ46mh6aXNp9JuYk1gL5eLVk,15299951.130687,15303040.47,0.0002,2024-09-19 13:10:30
163,TPwTvjn8fybtRjAwA3Ye9cVkt5LLKjFT6t,15299693.000002,15302782.28,0.0002,2024-08-21 10:05:36
164,TGdWuEvepD7JaHnsQ72c7RXTcKpNj6Wbtr,15280342.226200,15283427.60,0.0002,2024-03-26 09:57:21
165,TEgRru35TtNTsPAmWtCpr6KB7E2TZiTjM3,15242863.000000,15245940.81,0.0002,2023-08-15 20:04:09
166,TLedJNUdU7UVSEDcp9zzsLPfcfBjefBr3v,15000101.601200,15003130.39,0.0002,2023-08-27 13:57:21
167,TWxuuFFkxcg4YmEZnAApXZ8Moy9xWZ78M7,15000008.800000,15003037.57,0.0002,2024-04-26 15:51:33
168,TGcKTBVcYUMufTkoxANTWhEFX1myNzHwQT,15000005.941013,15003034.71,0.0002,2024-09-21 10:43:57
169,TWk47hGsJcMa5Pprr1SsUECB6R95mFCzus,15000000.000000,15003028.77,0.0002,2023-12-01 08:20:57
170,TLC3MViLqKFLX5vbUDihHettokX5HzPXAR,14999071.001000,15002099.58,0.0002,2024-08-12 06:03:33
171,TDyQkKeyxTk1oM6W4i2pnBopVR5WRQwj7e,14989794.906621,14992821.62,0.0002,2024-07-20 15:41:03
172,TSTWJx72bPVYfTYdar6KikWvWyH4dU1aVH,14932687.758119,14935702.94,0.0002,2024-09-20 11:36:30
173,TSk28QcX3RxFutwX1aAHj9EfUHf9f3ahJC,14910000.000000,14913010.60,0.0002,2023-04-05 12:07:54
174,TVREK8UsqPcLBSduj48b6cTzTndZj96PYk,14824505.703764,14827499.04,0.0002,2024-09-21 07:04:15
175,TP8yxF8nWX9ec6stf7J6uURWJpiuqubDV7,14749201.676501,14752179.81,0.0002,2024-05-13 16:46:30
176,TUhuo4LsMriFhcXXuseS8azXgV8nYSnAC6,14713333.748095,14716304.64,0.0002,2024-09-20 09:08:15
177,TShjyyTbzUiRBRy292wJVMNXQ5m8SQnNvN,14651841.876248,14654800.35,0.0002,2024-09-07 20:34:06
178,TDaS6kvtnvS8yDGmvkpJ9vq1NS2bXFwuaY,14436027.758279,14438942.65,0.0002,2024-09-20 19:55:00
179,TVGDpgtCs45PJE7ZMHhiC76L3v77qAwJW9,14376614.645825,14379517.54,0.0002,2024-09-19 14:10:27
180,TGbub2hiUaR7QYgweM8V9TCkLZQX6azATy,14279460.912286,14282344.19,0.0002,2024-09-17 07:22:21
181,TBdpjanYFs51eAYmowtkPinhsx5JoZA4gV,14250000.000000,14252877.33,0.0002,2024-09-19 11:46:57
182,TF1yVgYNJYx8AEtKLhjd2YbLJ33uyWu9Eo,14213650.592751,14216520.58,0.0002,2024-09-20 10:29:51
183,TWUGDcw1RfLDPcoWSmtWXZAbK1JGQDWQrH,14198616.821613,14201483.78,0.0002,2024-08-01 17:17:27
184,TBtjpH1ta5HWuyLPDcfxegVjqDBLtcX4LV,14128032.730659,14130885.43,0.0002,2024-05-04 13:22:48
185,TAaT5r98t5J4sMyfkwWQ9LagLMfFVrHS4C,14121282.095521,14124133.44,0.0002,2024-08-30 08:34:39
186,TUuyrq3amZ3SSSJDPyuUfCRgZvhRG4QLFH,14000000.007695,14002826.86,0.0002,2023-05-14 09:46:30
187,TJJTYydcMRZ7ojNBrj7xyLoG1UcBPZKKfN,13945312.013840,13948127.82,0.0002,2024-09-15 08:28:54
188,TAS4yce3Jh5Rrk94SrViMq9mER3NXkqUXi,13900000.000000,13902806.66,0.0002,2024-06-12 11:39:21
189,TFCxiuu4mLmrXQ6Sj5pnT2nYKkuBBmJ6YN,13827306.867343,13830098.85,0.0002,2024-05-02 15:25:48
190,TJAPFHFVGZtP4UPwChGUurxNEigYFSZe8K,13730901.127000,13733673.64,0.0002,2024-08-05 13:38:15
191,TPzTYsVu5JXhoNJQb6jCGGvXxKyiYvRaxC,13662196.690436,13664955.33,0.0002,2024-09-19 15:45:51
192,TXP66hCnRzRP4ZNbQcNSWcBV4C5JnHK51F,13597984.926286,13600730.60,0.0002,2024-09-18 14:36:51
193,TSNQE6HXVd8NMuknWTxkvEKU8wAJWcHbb7,13514351.500288,13517080.29,0.0002,2024-08-01 17:04:54
194,TL9Xo3vs8SeGT662gU75yyjsMoh7xKVFdn,13423732.522255,13426443.02,0.0002,2024-08-19 04:32:00
195,TTNLjxARXaNJ5CBzuQohr2mwvKRssWnMDE,13246518.565909,13249193.28,0.0002,2024-09-18 10:59:06
196,TUTW2DFxeDAFcRqFsajBv96XEbf66DzU1a,13177253.517809,13179914.24,0.0002,2023-12-07 00:20:09
197,TWGWVKJf7ophhJ72HrAr7Wiun9Be871QRx,13145000.000000,13147654.21,0.0002,2024-07-11 15:43:09
198,TQXuMgS8NTorPPuEvBuZssP2DBd3PtXiTr,13124441.178931,13127091.24,0.0002,2024-06-20 07:40:03
199,TVznYXswxSqavBPWVYbPqVXLyrUHzAodzp,13123542.204879,13126192.08,0.0002,2024-08-22 14:40:27
200,TKVU1qLzQnW9KBxAYBscUwet96g4L9JZ8o,13107585.440843,13110232.10,0.0002,2024-09-21 10:36:09
201,TRtK9jLLf7UVaLBETJgkfHwcRUwwRZqHeD,13055308.795530,13057944.90,0.0002,2024-09-16 14:47:15
202,TBZb9ts6y68si5G9zD2GMoLKTsuGL3cH19,13048461.589092,13051096.31,0.0002,2024-09-20 14:33:12
203,THsPNvWc47swNQp2GmAoH96KtYfSR4bz9F,13000002.428642,13002627.36,0.0002,2024-08-21 08:34:42
204,TChMRVanRiXnTNbfMpSzKrNxwBkLWWNex1,13000000.000000,13002624.93,0.0002,2024-03-11 09:03:18
205,TTiFsZxXYV3AehWwtdvuQVoGz9qx1Fv2AH,12944509.949511,12947123.68,0.0002,2023-09-29 05:42:51
206,TAg8MfFDkgNmkxLjtzMiz74i1m8czCHPc5,12925234.622290,12927844.46,0.0002,2024-09-21 11:23:09
207,TBhLDEYwDwDp53EttAiRy7ncasL4niZ9qy,12882702.620422,12885303.87,0.0002,2024-09-09 12:17:48
208,TFB1CXtJ9A6vwSG9pUauHqT7iVKsPsnsTd,12806644.446860,12809230.34,0.0002,2024-09-07 11:57:03
209,TV8nRm915CochuP9zR4ggc2MGXpMtoFzwk,12800000.000000,12802584.55,0.0002,2024-05-17 07:58:33
210,TYzyNTfhKpsHQ3dZM2JuGQ8hag2PyJeGTf,12773398.384257,12775977.56,0.0002,2023-10-26 14:30:30
211,TKVwUN4F7AbJe9Yahoikj6byKpSWCn9NrH,12767266.625000,12769844.57,0.0002,2024-09-19 14:33:57
212,THb8K6SpoNMDTdVbbtgDQ3xducb66B3Jrx,12742317.333360,12744890.24,0.0002,2024-09-11 20:21:03
213,TNEpkMxupa6jsvdRRrd4bwoi1FdsAmU4Uq,12630177.730061,12632727.99,0.0002,2024-09-19 17:41:12
214,TYg16AgYed1HfUZqsz5PNPboFGGuGsaBaP,12600000.677635,12602544.84,0.0002,2024-01-16 14:34:30
215,TGN7mh6sVmEpAcHmYCsGHFEnQZDTCsoy8c,12500711.560000,12503235.68,0.0002,2024-09-12 15:27:39
216,TSJW2azVDbgPpqi7MyMdA7iDJbrq9NG82b,12500000.000000,12502523.97,0.0002,2024-08-23 09:28:57
217,TMwyDwhbn8Jp5t7XFfBxKikLQ3XhdKfHge,12469608.026838,12472125.86,0.0002,2024-09-20 09:00:09
218,TTKZnuSg314Fs5oKjbsXspzS9ASgA1Pssr,12462293.107971,12464809.47,0.0002,2024-08-25 12:14:27
219,TNo4B1MFU964WmLUxZN34dvPN6RJvdpYvB,12436423.000000,12438934.14,0.0002,2024-02-01 14:43:18
220,TDXbhgxcFM7fnaTzz45HSzJMfCryE7kHme,12294471.308863,12296953.78,0.0001,2024-09-21 08:25:18
221,TPxxYq9FDVMdNiXwBTjKQFW92RDiGzk4ib,12115031.571190,12117477.81,0.0001,2023-10-17 10:21:18
222,TLbasEDrRDjvaJNtjwVWUCDRnmRAVe4RHi,12097403.805619,12099846.49,0.0001,2024-08-05 03:07:00
223,TKcbKvRFXsN4LdvSFoXP7iNKhVgQ6HZzgE,12000941.570558,12003364.78,0.0001,2024-08-05 13:41:15
224,TPPmfy2ETTsuonLmttP8qguNbaanaxjiW7,12000329.892872,12002752.97,0.0001,2024-09-17 06:20:33
225,TN9oHDLN13z1AKB4AHSHnqrmNviBj5uVXv,12000016.000000,12002439.02,0.0001,2024-08-15 20:09:45
226,TJdcQGYTCR56xsz5tzFwBtSVz8qbUF62gE,12000009.000000,12002432.02,0.0001,2024-01-30 20:34:18
227,TY7pJfEHfN82BV8cD5GgHQzXPhx6Akdw4w,12000000.000000,12002423.02,0.0001,2024-05-28 06:44:33
228,THY84dJ4EPsPddwJP2URsqkDzHwVB9uk48,11991287.364988,11993708.62,0.0001,2024-09-21 12:26:12
229,TY7DK7KXtvkPZxED9wARc5UMoHvbYd7D9v,11967915.000000,11970331.54,0.0001,2024-09-20 23:13:33
230,TQTgNHaHLPEcCsvfFciriXLvQDktWNQ7yM,11920563.988321,11922970.96,0.0001,2024-09-14 07:52:27
231,TJ7fpTmnQsnuRo9advL2GVBaXm9oAyZ4wB,11919708.286339,11922115.09,0.0001,2024-09-13 07:22:00
232,TYCbLWarBu39Wytz5eVzNJB4nNmU6fscTT,11894294.190000,11896695.86,0.0001,2024-09-20 07:56:03
233,TMn5WeW8a8KH9o8rBQux4RCgckD2SuMZmS,11886735.870880,11889136.02,0.0001,2024-09-21 09:56:30
234,TXHrHHBMjrhDxRzSrjqNjDycPXeFCetCaS,11862923.805654,11865319.14,0.0001,2023-11-11 09:43:12
235,TW8RiQyxyzETC99H5P6kkRXoyK9RLgEAvq,11861290.616275,11863685.62,0.0001,2024-09-02 10:19:30
236,TSSJDxpeVtthCAsHuR97RaQ2ZiNeAWbDDt,11791804.685669,11794185.66,0.0001,2024-09-19 14:57:51
237,TTkGFS1qy7RXq4GcHCvXZU1AYrNJ48CEZu,11759932.000000,11762306.54,0.0001,2024-09-12 11:26:51
238,TCJdBmt3TAZwtRQ6uDgvtZoiyjqhHm4HJB,11750010.000000,11752382.54,0.0001,2023-10-19 15:21:30
239,TRWHuAp68YAjk4tP6GU2foJXmNhGSHbZ8o,11748002.000000,11750374.13,0.0001,2024-06-20 15:16:21
240,TBCL9o5cqWGspAPKzWygL49XUDSopYWWse,11686007.089002,11688366.70,0.0001,2024-08-04 15:36:24
241,THTEbVUXbh2YjPDXbjJJKhLiu9VbYvZ9EY,11622177.028024,11624523.75,0.0001,2024-09-20 13:37:24
242,TQTn7XQmZ9p2jToTV2rPbrVLZSftaZjK9y,11542710.761607,11545041.44,0.0001,2024-09-20 16:32:06
243,TEK3etkwujDisfWmtUHbx3CLS9S1wufu9o,11447564.000000,11449875.47,0.0001,2024-06-20 15:17:36
244,TSh5cgAjVPw5zhkWSjJzLpgyubSpRAj6if,11385712.604701,11388011.58,0.0001,2024-04-27 05:26:51
245,TMZLdPWDuvyBernPpPDm78PfQFF8SqM6zR,11359538.300058,11361831.99,0.0001,2024-09-20 07:50:06
246,TY2erbPsS2RsGRivXEZ2hMCNtkNkkVtNEw,11356717.782575,11359010.91,0.0001,2024-01-04 18:50:36
247,TVTeLEJXkVvALozUu95cn46u85yMZcToSN,11335292.000000,11337580.80,0.0001,2024-09-02 12:25:54
248,TXHd7PtZw4XvBbbYN97ZPmay5mEdWNogAc,11296319.942787,11298600.87,0.0001,2024-08-06 17:19:03
249,TAC21biCBL9agjuUyzd4gZr356zRgJq61b,11286451.228152,11288730.16,0.0001,2024-09-21 12:26:45
250,TAkDcUDiktfpbVWbHj5vEksxFu1Y4gHg9Z,11250000.605000,11252272.18,0.0001,2024-07-25 09:32:45
251,TJ2b2JxqCboPr8moqUNCRqGrp3ZjgomFst,11240630.190718,11242899.88,0.0001,2024-09-21 05:30:00
252,TC6NYrUMPvwxRY4W3XbcyFSoZ8Fm9Jpy5d,11231354.800463,11233622.61,0.0001,2024-09-19 12:46:30
253,TDopeG4sAgb2ywi7maTnKqhJTf5LCWbNCM,11224207.921949,11226474.29,0.0001,2024-09-17 03:01:09
254,TSydk12u22SCw3c91f8Z8DqnYDDRWaSTKq,11199271.257332,11201532.59,0.0001,2024-09-20 14:25:27
255,TVFnxxPBdgjTzYzkesb8qGoqMmzbSJuBGY,11177928.365393,11180185.39,0.0001,2024-07-09 09:30:00
256,TV2iy9NMLmgFw4BZQJJmAKhUQBA2582g5v,11159862.247787,11162115.62,0.0001,2024-05-24 00:49:15
257,TXtNkXGVPiPDWYhJVfVSG1RRQAeMvmQYjh,11122059.501124,11124305.24,0.0001,2023-06-13 20:55:51
258,TNS17kGeCNke3PRrj7tteuyiwbR4q8Ls1B,11115236.223051,11117480.59,0.0001,2024-09-21 12:12:06
259,THdQ5R5cLgAVF11U56DQgWSkUD4K55nSBk,11095674.534213,11097914.95,0.0001,2024-07-22 14:18:27
260,TRT5Mx5tYgQnTLChGkr8uDC3FfxrRqchfb,11093263.272203,11095503.20,0.0001,2024-09-21 06:20:48
261,TUbojUPizaRHJCVTuE1oESff8r6iyCMyrK,11036170.601131,11038399.00,0.0001,2024-09-21 12:25:15
262,THGooepNZK2ttaRRpiQ9CkxeSUGr7K2wkk,11000200.000000,11002421.14,0.0001,2024-08-07 08:10:24
263,TVPZeaSf96ejyzW5Lwg5t5RStPs1GoCDdX,11000106.002000,11002327.12,0.0001,2024-06-09 10:16:39
264,TGmri3M7L5bhMVZdEViUX9tdARpJ4ANdNb,10992907.260223,10995126.93,0.0001,2024-09-14 07:53:12
265,TSXKJ9DKTGWsh1Qpe3C112TEX15XeskzUd,10980000.040002,10982217.10,0.0001,2024-08-12 12:00:51
266,TF7tupaDszUBmxdyKRAkQWBYGLkYRdQJGv,10958476.584858,10960689.30,0.0001,2024-08-21 17:00:45
267,TWJ6R2EbFC5KdZFwLNj9GDiENn7WyAUjQE,10945037.984252,10947247.98,0.0001,2024-09-20 11:48:45
268,TKRZ9kXrB4mo4ojv4pvjTcSMhPZ6adpsih,10879264.000000,10881460.72,0.0001,2024-07-04 04:21:24
269,TNCneh8QPXyg2DvZqQsnFjsgq76aRe2nyP,10784144.002384,10786321.51,0.0001,2024-09-18 13:43:09
270,TVhZv5xeTyRT2wSkc3cccKwqxDUCmaVmGK,10738822.825000,10740991.19,0.0001,2024-03-29 14:43:06
271,TNBDqsyDiHB2j7NaQGyw3Kej6L4MAZGPg5,10659082.430984,10661234.69,0.0001,2024-09-21 09:59:15
272,TDZeVyGHgN5bErmWumuYRtXCrYMoUzKF7L,10654180.615244,10656331.88,0.0001,2024-09-21 12:18:24
273,TPfB4xhWE5wAhxYHHYmM265DDpjPRmt1oP,10652602.144494,10654753.10,0.0001,2024-09-16 14:33:15
274,TSUpfuoJJR5WLRHQUaEWnLpyZXckabRiED,10651852.859673,10654003.66,0.0001,2024-09-17 17:54:03
275,TAaTeVth6uuFEwWQ9TiAf7JXcgnZr3AbF3,10641218.152685,10643366.80,0.0001,2024-09-21 09:58:36
276,TLq2zAtsTxujaawqW81eRPrKYNeoq8pf3n,10618057.000000,10620200.98,0.0001,2024-06-20 15:19:09
277,TH34PazaSRwAhDXF1ZrxetXK5PyB3YTPr9,10599434.233307,10601574.45,0.0001,2024-06-17 09:25:09
278,TJRoakCuFA3oPUVtn1YuY7d2DaU6pRRseL,10563254.000000,10565386.91,0.0001,2024-06-20 15:28:24
279,TELkCoC2uzzXRPq3HZSZpsD4LnPZAVWSzA,10550026.097150,10552156.34,0.0001,2024-09-20 14:33:06
280,TUiWszQfJZHPMzeodj2tLT7ev4BgdaXrdZ,10530083.059110,10532209.27,0.0001,2023-12-01 06:10:54
281,TGN394ThGPfhAUvxUj7CrjHkjmiEUVGtMY,10528415.560956,10530541.44,0.0001,2024-09-20 09:30:03
282,THQFoJSwtsMMRKCG6B7P5kGcxJQXGi2kiS,10513560.455847,10515683.33,0.0001,2024-09-07 18:52:12
283,TLvpkJy9cn695PZLU2fEKYbfVDDpUymZvR,10392238.465288,10394336.84,0.0001,2024-08-23 11:14:39
284,TTXc32nXdJMTkWakntMLZS88HUUjn1u4Ev,10390815.000000,10392913.09,0.0001,2024-09-14 10:23:24
285,TSu18Jazh3TThcmhcwM9ZNx21z2zGESNob,10357417.173032,10359508.52,0.0001,2024-09-09 20:13:03
286,TPyJ7CCsDyJ3TVRHHUyRfQj35UHhbGSejc,10356107.393096,10358198.48,0.0001,2024-08-20 16:38:57
287,TLsKzm1kKHXgcsxwhghFh1e45AMg4qafFc,10341429.239656,10343517.36,0.0001,2024-09-14 04:16:09
288,TZB5r3sWkW9sxmVH7qdYx2AY6bar7BHTLG,10340517.183782,10342605.12,0.0001,2024-09-18 13:38:48
289,TWBQc8C49sP3TH7MhKTgxwAqk3H6AGfTer,10311156.135606,10313238.14,0.0001,2024-09-21 10:03:18
290,TQ3FYLU7XwXh3Q8RpixQbHoQ8Fpn3TtWyh,10271760.604790,10273834.66,0.0001,2024-03-19 10:53:27
291,TP33eMiyU3wjRh7DFKNsLnSnKibQzTCUMY,10268088.000000,10270161.31,0.0001,2024-06-20 15:27:18
292,TECr9SKvaoNPXAVc8em8tRZpD9ndF47Ctk,10262089.157864,10264161.26,0.0001,2024-09-20 03:42:27
293,TVNrCJ2wmBMRFLMtxVE5XaSjMpfTx2HgjV,10244887.000000,10246955.63,0.0001,2024-07-13 12:38:15
294,TGXCi4GpTi6h894PEGWKrKvLTXqfKtgu6c,10235055.932700,10237122.57,0.0001,2024-09-20 11:47:36
295,TKUVTJ4ssfKJTxr2poZyJ7tjspDSUgtRiP,10211473.750000,10213535.63,0.0001,2023-01-04 11:06:06
296,TW6uGfXnmnX1wiYwMJTNvsqfK2133rGaH7,10200028.218643,10202087.79,0.0001,2024-08-09 15:13:42
297,TVVNGhFJxr55s7mArGBnzSwMHMU46XVDTJ,10199551.645759,10201611.12,0.0001,2024-08-06 08:32:24
298,TVffjKn7grjvcjsoF8tdZ5cePHVms86Vfm,10194401.271350,10196459.70,0.0001,2024-03-31 02:59:54
299,TVRC72pWa3V7SVeA6m1Uk7RJGinujR37nX,10135657.451310,10137704.02,0.0001,2024-09-20 09:36:15
300,TVq3rvZbWXBPkyLt22nwtVBbpXukagHWB4,10107433.150383,10109474.02,0.0001,2024-09-20 09:08:39
301,TUanv1HPmBTRDGQZU8LmNcs5A9KtTHv2Zu,10026726.933002,10028751.51,0.0001,2024-01-23 14:49:24
302,TKQMNLhznSecQnphnWGNnEfDPjHfT17o2V,10025797.647481,10027822.04,0.0001,2024-06-17 10:30:54
303,TDvZps6KF6GKnUKKkb3456MMhUZcgnwEUs,10020534.262822,10022557.59,0.0001,2024-09-03 19:14:09
304,TC2Ptp6ryky5PfxHr3K356XukkaGSMe2yi,10011115.374822,10013136.80,0.0001,2024-07-20 03:48:03
305,TFmCzjvmDN3Juk5VbLPctbZ3gx2ziK8ui4,10001000.000000,10003019.38,0.0001,2023-10-29 07:51:21
306,TSrxVsZ43UkTCw9RBGm4tNxy7rHsKVHUFK,10000292.000000,10002311.24,0.0001,2024-08-26 08:44:15
307,TSBfmqWkamMFsGKc28W6dnzJeN3hxMtGqu,10000100.000000,10002119.20,0.0001,2023-10-08 03:53:48
308,TTzNuZ15TDeebMFALqsKJLkAncREdGH6nv,10000042.264000,10002061.45,0.0001,2023-04-24 19:09:48
309,TX443dTnSnEwMryspbGj3MsKH86h9XuoqK,10000036.001000,10002055.19,0.0001,2024-06-01 02:41:33
310,TR3nNgba9qeb8NmtBWHTudpXVja2KEWm67,10000009.000000,10002028.18,0.0001,2024-02-28 15:01:30
311,TAQBL45nxNTa5WJoycmwpUgc7HKj1jwiZx,10000009.000000,10002028.18,0.0001,2024-04-01 17:04:33
312,TYAvbhk7iqNCM68uVxHVXBT8aG7BrDCZHi,10000006.324400,10002025.50,0.0001,2024-05-30 10:00:21
313,TCbwLC1yBRuzzgAp3LfhuP2JCrsvheWD27,10000001.210017,10002020.39,0.0001,2024-08-31 10:10:42
314,TJMTLuzpduWykd56Q5ejG4WLoYgq6LxCXH,10000000.841996,10002020.02,0.0001,2024-08-06 17:15:42
315,TUeHkEQj7NEJfDrEHTSwDJg49L44FaBnoK,10000000.681426,10002019.86,0.0001,2024-09-18 15:02:36
316,TYt7J1FpYsGtdmjoNsbn6QP5VBQqSuxV93,10000000.344885,10002019.52,0.0001,2024-09-04 04:58:42
317,TBBnhmhBnx9Bd2WNz2xfkNqF1YPjAvwPyC,10000000.203340,10002019.38,0.0001,2024-08-01 13:22:51
318,TVnSz86tqu47J2Sepc5zn4Eb1ptW7YA5vn,10000000.112381,10002019.29,0.0001,2024-09-04 04:59:51
319,TXhxPq1CaNJtoA9a9323PB7Rs1TmHXTNDz,10000000.000000,10002019.18,0.0001,2024-09-13 06:24:36
320,TSf94pDwWgDiYSFeV3sgxk4tFsLhDLVPr5,10000000.000000,10002019.18,0.0001,2024-09-21 10:01:33
321,TH6xh6F3MpHT4eyLXU2Jin4jH1gFpTcrH5,10000000.000000,10002019.18,0.0001,2023-11-29 07:14:03
322,TFGiUU3vDQR1A7qsQ8TBb3uSWarK4XisDu,10000000.000000,10002019.18,0.0001,2024-08-01 15:55:09
323,TEfuqeTx25jxWMSic93bzms7kPZsgPRSXU,10000000.000000,10002019.18,0.0001,2024-07-26 11:20:12
324,TBNgGbrEWePUUniWyaWmnQGMomtivhHzbt,10000000.000000,10002019.18,0.0001,2024-06-21 06:22:30
325,TDgMtgAx3nkynosCLaUA6j3NUgLh2LTHqg,9999999.000000,10002018.18,0.0001,2024-06-09 15:08:09
326,TCUYGQku8TcMdgNAcgWssKYET1YNH2pWBZ,9999999.000000,10002018.18,0.0001,2024-06-09 15:08:42
327,TAbsaVEDeFmXzhqX5knjZEauzP42WB227C,9999996.000100,10002015.18,0.0001,2023-09-15 13:59:54
328,TK7wc8eQJJT5fUHQFJtHpL4uJHSt6cQ7ZZ,9995862.173149,9997880.52,0.0001,2024-09-14 16:49:24
329,TG5hjnyYM5CT5Gt7dHqDaJvJCX97v7odub,9932902.082110,9934907.71,0.0001,2024-07-21 03:06:48
330,TJEw7U8a4Asoh83EoB5Pk5YyfTadVZbb8h,9912202.826740,9914204.28,0.0001,2024-09-21 12:26:18
331,TRsTrbrzfs6Zja4Jxc3VffMwNabyYu3dGW,9891738.710423,9893736.03,0.0001,2024-07-05 19:34:45
332,TC2sZfhVs3FPpUMjdVoYS3uPFpyqwHsZZf,9890000.605000,9891997.57,0.0001,2024-03-25 05:08:03
333,TC8WxPjG7VDdeCK2FriRZwiPTFBayS9PHy,9886767.008460,9888763.32,0.0001,2024-09-21 05:37:30
334,TX2RejMrVfiVcHf3CqUUCEKf4NRTTYD5BN,9880000.000000,9881994.95,0.0001,2023-04-04 08:59:54
335,TNQ9wrNJE419fUVmrwgL5Q2tqgbhqiev5S,9822529.954779,9824513.30,0.0001,2024-09-17 10:03:21
336,TJZNamT995JerkMvsXRYmdSmPfCfmHvKUw,9800100.000000,9802078.82,0.0001,2024-06-11 02:32:45
337,TAtJB5nacyQbgqZwJG9ceDppp7ppH2HhCS,9746708.142000,9748676.18,0.0001,2024-07-18 11:00:54
338,TXwgmsqnGSxdKdfs2sG4qywiSvHXYUEi4j,9691150.400994,9693107.22,0.0001,2024-09-10 10:08:33
339,TM76c9Rn6D828ichycxLcoMSbpFHEd9mF8,9677112.873902,9679066.86,0.0001,2024-09-05 08:32:21
340,TKWc1LbSaqKYF9ACE3E1vJt1ZreaV4pPVD,9663912.426490,9665863.74,0.0001,2024-09-21 10:19:03
341,TPAHXLZ7ZUw5JnAABaAXxjY6Rpi7r6nXJG,9656869.095627,9658818.99,0.0001,2024-09-21 12:12:54
342,TJ7hhYhVhaxNx6BPyq7yFpqZrQULL3JSdb,9636521.529548,9638467.32,0.0001,2024-09-21 12:27:15
343,TQ6zZZ3PVuLZYov2Q5KqYWMsM8P2K2vE7z,9626243.417161,9628187.13,0.0001,2024-09-21 09:05:48
344,TX4YiRWZUXQ2uFqN34PD9bzXRamZwRkwXX,9618515.341705,9620457.49,0.0001,2024-03-23 12:15:51
345,TYCiSbZLPf25gjhcucsqvfrgnrTPVXBpi3,9617356.716920,9619298.63,0.0001,2024-09-20 12:06:33
346,TBxo51UVtcTqK8iQGSuCEBmWc7HtBwf4bS,9600050.000000,9601988.42,0.0001,2024-08-11 16:58:36
347,TXejeafYcBUyvFkZHVbrhgeRXx7RozAY7Z,9583245.113506,9585180.14,0.0001,2024-09-18 09:16:54
348,TAGE6W1XGoUqVFNNw3iHzmccQooyNeES13,9566802.000000,9568733.71,0.0001,2024-06-20 15:25:24
349,TCPaCufoY6iGGZi7SWVoVj6Rqj1ShY8bca,9534993.043563,9536918.33,0.0001,2024-09-20 19:21:54
350,TVu7jV71XdTinSNQ2k3upyWdFUV4xHdxPM,9509427.542848,9511347.67,0.0001,2024-09-06 12:47:15
351,TR2A9WQEdcABLfkh9hLD1WQ2NoCLwhzh4q,9470614.439300,9472526.73,0.0001,2024-06-20 07:43:57
352,TAbYuhxeE85S9ywfHNjPtwmZ4HewfPpcCQ,9441667.870000,9443574.31,0.0001,2024-08-30 07:25:42
353,TJQyCyJRpmoGtav9ETsQNKBLdKancQ3xjf,9440243.104178,9442149.26,0.0001,2023-06-13 21:01:42
354,TAJLvgUbE1Jcr8b3sHhmvFSicN12iRFJjF,9429323.842533,9431227.79,0.0001,2024-09-21 06:28:48
355,TJNvoDZwDQPQT59tquxg9ExAMtycPe4iF2,9379700.698009,9381594.63,0.0001,2023-11-01 06:50:48
356,TCKm5nRM15rR2QuHucLjeGEt1Uomy2SwgZ,9360788.908464,9362679.02,0.0001,2024-09-19 02:37:06
357,TCidRrQUSGdqJDeK6T3FENo1fDE6jmv2UY,9340704.008390,9342590.06,0.0001,2024-08-10 15:53:33
358,TZ2AW69f2kMa7P4DrdSfuxxrhkLSGRzXsd,9302239.919678,9304118.21,0.0001,2024-09-14 01:51:24
359,TALu3a58kyFAJvFBTbuUYbKEHDjFB1u8Ng,9263269.746103,9265140.17,0.0001,2024-08-12 11:26:06
360,TAStg9zznzNcWjB23d4S2vVrMvQ8EdVmCS,9254178.683577,9256047.27,0.0001,2024-09-20 09:11:00
361,TURYwFtG6gvpEyPSm55FyjJWpgQQ2rDm5e,9249448.385830,9251316.01,0.0001,2024-09-21 03:15:06
362,TRtoSMCZ9vWM2C1NKHfQjLcUrphZB8WYT7,9199000.000000,9200857.44,0.0001,2023-10-16 09:55:09
363,TLWgyAUTJm96TACLT8FNEP9LEb4V1LAPuo,9182308.097841,9184162.17,0.0001,2024-04-19 11:33:48
364,TTSFCXuYa82NJ6zBhGgz9kw3zWVaBgEVBF,9151978.276345,9153826.22,0.0001,2024-09-21 12:06:54
365,TSwAp1vR3sdmGcCsQJHf1ACw1GxNUuhuB7,9120188.002196,9122029.53,0.0001,2024-09-20 08:56:33
366,TJP6zoGwWwUmANvMdrtqYq9iWA8qMAAY4q,9077689.553226,9079522.50,0.0001,2024-09-21 10:34:33
367,TQUQ9NbWDC91XNEPehDgPAcJjwk1Ns8Mt3,9009191.490239,9011010.61,0.0001,2024-08-28 10:48:15
368,TS9CcCntHVFLiqLFZVRvF9RBDJmGYD5ov7,9002400.000000,9004217.74,0.0001,2024-08-23 13:56:51
369,TDMdaZ4udS7UKGDiwNhf64CvhGHVXXXGCu,9000996.133880,9002813.60,0.0001,2024-05-20 14:29:33
370,TYmCyh1H2PWBMR6SixRxMqSBEGvdsx6z38,9000500.478300,9002317.84,0.0001,2023-10-01 07:48:15
371,TQ6rZc5b2QwNs9HXFPsBq7DH7BwgqyMccT,9000029.605352,9001846.87,0.0001,2024-09-10 08:29:57
372,TJ5WH8437ttn8APAgVEqCupFjjAWnpGoGP,9000005.110038,9001822.37,0.0001,2024-09-20 04:37:03
373,TPaN2MdYadKQ4r7Vm61PWAoaPzLVb94oZA,9000000.000000,9001817.26,0.0001,2024-07-04 18:35:06
374,TGyQbDjJ89UpVF9njrKDuPJDhwkVaKW1sn,9000000.000000,9001817.26,0.0001,2024-06-27 11:19:06
375,TBnSsm4rHPkRdLasfx1KDAu2DFTF5py6bR,8996281.245199,8998097.75,0.0001,2024-09-14 11:49:03
376,TMYhWzoQJ1uZWsnFUhb9W1Z9UCv1Q8SNw6,8995000.740200,8996816.99,0.0001,2024-06-17 10:12:30
377,TGoPfFBjoZ6wFFia1NAFio21Pi9Sc8KFw5,8987698.267661,8989513.04,0.0001,2024-09-11 12:52:27
378,TLGEK2ycwGDdtb3e838UNbEzfGRxHRxpEo,8954746.976423,8956555.10,0.0001,2024-05-31 08:37:00
379,T9ybVYQ2SKRxL5RDWjyizmnfsj2jCR7wAD,8944724.000000,8946530.10,0.0001,2024-06-20 15:27:48
380,TEtHN4peHfTzPR9EVtsC3sQpWjMHf6SZEu,8913564.848628,8915364.66,0.0001,2024-09-21 12:24:48
381,TPYjujUn2BCvhBYYwCCsqEuDFzTRVS5aho,8911256.627186,8913055.97,0.0001,2024-09-21 11:50:06
382,TWF3K5rZD9M81zJpgiGgb36ofJmJ7Gc4Es,8893480.000000,8895275.75,0.0001,2024-06-20 15:26:24
383,TNQx9SiTzugkvv2RB8XBv8HWjFawhjV7iR,8892620.108296,8894415.69,0.0001,2024-09-21 07:13:15
384,TJSodZ8EwkH3vXbUnVXNz94Z1mGPWpViMJ,8860079.607856,8861868.62,0.0001,2024-09-10 02:26:39
385,TV2cWS7MJao38nEuYNJgQ5fJLSbJnarzT7,8799188.000000,8800964.71,0.0001,2024-06-20 15:25:51
386,TMYqaVqQWJTPF2xKkQhFMsJqVjoV7ypSJg,8791323.006699,8793098.13,0.0001,2024-09-20 09:48:33
387,TKgFA4D7ckT8dL7wnbgVLvdrWM6zA9J6A1,8786234.004725,8788008.10,0.0001,2024-09-21 10:15:33
388,TDwPRgrEnh5oH8B5RQS4iVz3hYAkqsnsiB,8784099.732172,8785873.40,0.0001,2024-09-21 03:47:27
389,TUNXdCpaH3588PgF2jozyiqRwRa4jL32WE,8758544.299927,8760312.81,0.0001,2024-08-18 13:17:30
390,TR5Q2Z15AfXBSX4PY7d389sgbDM8JTTphU,8752241.119380,8754008.35,0.0001,2024-09-21 11:17:00
391,TPRZtpGEA4cN7gEEMhECb92iTGg9KcneH5,8742780.969158,8744546.29,0.0001,2024-09-21 12:23:51
392,TZBQcmYMHZcJFcne7TGcCtkXct1VjbQQuL,8722772.572601,8724533.86,0.0001,2024-08-05 02:21:03
393,TVW7PoARKMkSjCFAHtAxJM9YvfidzteFqF,8708468.277692,8710226.67,0.0001,2024-09-19 10:44:27
394,TPZsuVntJ5kz6G9Dn6w3SWLeLk4s1qY5wb,8708015.995888,8709774.30,0.0001,2024-09-19 12:53:21
395,TVrGumTSP6wh9VWD9oMcXZiFcTFhQGcuXU,8700003.566508,8701760.25,0.0001,2024-09-21 04:41:54
396,TM1js6wbrzPVbMar8FGkXMC1Sgyw7SnPSK,8665618.927071,8667368.67,0.0001,2024-09-20 07:01:39
397,TJc6tgsgGbXDJRpUjtwXXYzGgTegcSjcvU,8626974.856527,8628716.80,0.0001,2024-08-22 10:10:42
398,TMqZqMyoCkJrxqiQuGYzgwjWgW2YBxziMV,8570864.723288,8572595.33,0.0001,2024-09-17 01:21:15
399,TGrTziLLja9KucjST7vHarBjkNd8MnkHnh,8568633.769917,8570363.93,0.0001,2024-09-20 06:59:06
400,TLsUUQZCkcrBRxEKqZbpekdq9LWfmnndPg,8530286.309693,8532008.73,0.0001,2023-06-28 12:12:03
401,TP5UzNzk4tL2Jo6twHavUM9s9NjUPSgrvN,8510199.001368,8511917.36,0.0001,2024-09-14 07:51:06
402,THFij7HjxkELBakJfjLaU49mVArahqDwjB,8506485.764636,8508203.38,0.0001,2024-08-13 19:52:27
403,TDnig4hXeQQXNQF5knUmY86T4pFp6xsSta,8500200.000000,8501916.34,0.0001,2023-10-30 07:49:00
404,TEeYX6YyDoHQHwY22KHUwMWjZCCcJpBtnk,8500000.062161,8501716.36,0.0001,2024-09-20 09:41:18
405,TSprrA1QUawro9xkQ9UFG3Bb2VwxgvJVvE,8500000.000000,8501716.30,0.0001,2024-06-21 09:41:51
406,TWuEQYr4KRLhoxTf48QHeGroXDU8k9hwqK,8486781.000000,8488494.63,0.0001,2022-03-18 07:44:03
407,TE1svRYSSSNUCLunKbKkLVBxWV6faKw1xM,8475714.010000,8477425.41,0.0001,2024-08-05 14:23:39
408,TS7k53qSoDrEeb3qnXg59SfZEoJ3Hv5i8K,8442891.000000,8444595.77,0.0001,2024-09-20 14:10:12
409,TGKbCXBQxSAqJHSYHrMT7THwWL8LGM5LcR,8432326.072628,8434028.71,0.0001,2024-09-09 07:44:24
410,TMADfupVnYYpZ7KcdYpBvWsDrLMPswUWP4,8413748.611809,8415447.50,0.0001,2023-10-17 08:54:12
411,TUjVLvYXoYiMhCUTTMwbAoxjdGTanm4Cx8,8398357.290000,8400053.07,0.0001,2024-01-03 16:57:15
412,TKsV6wjWrt4gHjotrSLoK9FUhLrWgCV7yu,8343741.269923,8345426.02,0.0001,2021-12-28 09:15:18
413,TWJ35qythKXW2vwuWYS3UFTzmzynG2uCTA,8338162.212617,8339845.84,0.0001,2024-08-13 08:30:00
414,THHiZmj8yeNackbKwVSsQD1DTpaCM472rB,8334927.596691,8336610.57,0.0001,2024-07-28 16:36:54
415,TSyXS5GrmjfLqvbvFh4HTzSQ3DT25YZZJ3,8328053.558343,8329735.14,0.0001,2024-08-19 10:33:27
416,TBW2saviihe2GANg8bAHQjgfE7uMSNhzij,8309321.170423,8310998.97,0.0001,2024-09-06 14:08:27
417,TYAnj6SnkYcFEEfxM36gx6NobgGne8n6PZ,8300060.243972,8301736.17,0.0001,2024-07-08 15:54:24
418,TZ1CBrvQdkHxoQy4qrY9vN3THuomqCiRfW,8300000.011017,8301675.93,0.0001,2024-06-24 10:34:33
419,TSqDCM4tZzBDSRSkCGW52ybbymgLw3DC3c,8300000.000000,8301675.92,0.0001,2023-09-15 12:01:33
420,TNWztErfBK4mSCPykqddY4uG8uTxnM8YbF,8293419.655001,8295094.24,0.0001,2022-08-11 09:23:48
421,TMD2cTP2mV3CYfhgYXyPGUeJMGZPEw6Ata,8289000.488368,8290674.18,0.0001,2024-09-20 05:59:24
422,TLCiR1YYcim7grFM32q7MSaUF8X3ExjXeM,8253382.956111,8255049.46,0.0001,2024-07-17 12:48:24
423,TYmS2RAkhLBMQsgyhDFedRYD2c6wwR7oeo,8206859.407424,8208516.52,0.0001,2024-08-20 16:37:15
424,TKK4X2YNDcGRcA4BNQFBPnf92Si1DqV6yK,8200003.999207,8201659.73,0.0001,2023-10-11 13:46:24
425,TE8TCNHe2tMZkGVrCvNZqaerxunLg6pK9h,8189052.711872,8190706.23,0.0001,2024-09-20 15:24:51
426,TEhDL5dLYNMCNsquUvYbV4V8g2CenV3jpj,8185512.950430,8187165.75,0.0001,2024-08-28 07:26:15
427,TDcK8okKe83Kzs3xyHTUiedXyRKDQ7KV1m,8167891.622390,8169540.86,0.0001,2024-02-09 06:45:27
428,TMk1NZF9gUeEfBT15o1Y36qSES9GQUPkzY,8159417.016447,8161064.55,0.0001,2024-09-20 17:28:03
429,THojy7ftjk4sNR2GQ2jHMA5YeXsSnpz5W5,8153830.538542,8155476.94,0.0001,2024-09-20 07:03:12
430,TSKMvmLCZTYrD17pK9tY8puL41fDvxi9cg,8149067.838962,8150713.28,0.0001,2024-08-28 05:35:24
431,TAwawUKyqPCc68DSVRzNVPoSZqLcUJRyCb,8148892.638230,8150538.04,0.0001,2024-09-19 16:16:27
432,TNLm9DusamqNPaZB25TcX1ArXhuFwfQecK,8143320.942791,8144965.22,0.0001,2024-09-21 11:21:27
433,TRrsd4682DApT9GVRS4NGabibvNmktotrL,8121755.577615,8123395.50,0.0001,2024-08-29 05:25:00
434,TGdrLFhrrRyCKV7uWdXpYy9y4yPokD1qwE,8109309.417860,8110946.83,0.0001,2024-09-21 06:52:36
435,TBmq67ez2HtSWDZ7GtpvVVF8hXbjft3Eyk,8100320.000000,8101955.60,0.0001,2024-07-04 22:44:54
436,TFBaLydXZzaRHcvQe32XDKRrYmeU9P57xW,8100020.000000,8101655.54,0.0001,2023-12-19 08:39:51
437,TFKKBi3FduJcTw6ox6jv1W1sQBeKVSG5qd,8077493.381180,8079124.37,0.0001,2024-09-14 05:34:30
438,TEx886ZTtpLBj6muC5xBbiewurawqje3y7,8072051.946873,8073681.84,0.0001,2024-09-20 14:20:54
439,TNnbneRo3dehRidc8Kfw1DMcqo5eaRSkQS,8049665.315311,8051290.69,0.0001,2024-07-04 13:04:18
440,TK33GsHcPuhJZAM8oQt99yigcHGoY8BTgi,8024443.540818,8026063.82,0.0001,2024-09-19 10:20:09
441,TCHrf3kgSFPVRjCnkwGPr1UrdJ2uoc62HB,8004907.505001,8006523.84,0.0001,2024-07-13 16:59:12
442,TRjPxUraRLwKK5J2Qik12msinjPobJMBWY,8004907.013484,8006523.35,0.0001,2024-08-09 04:06:21
443,TMm66iYiDQfwSC7APrkmB7EiSXjYze9qPz,8001244.483981,8002860.08,0.0001,2024-07-28 15:58:42
444,TDh3yCuYKgzvfgytFFTDyhGRLz3mRyHBQt,8001002.039114,8002617.58,0.0001,2023-10-11 13:43:27
445,TByU5WCz6VfvD1uhbV87wErzfz6xG4psmh,8000187.749229,8001803.13,0.0001,2024-09-13 10:56:30
446,TLWshLAKGjQXnXd5FqzLWXitdpib9UMazD,8000110.000000,8001725.36,0.0001,2024-05-23 06:02:39
447,TKc81952GSayUzRYG4YtszSS2cRpDzSrW6,8000100.000000,8001715.36,0.0001,2023-10-30 06:50:18
448,TCtViQSpjeK1Fm5ZUZ9Ee6xaz6BTGPPZJ8,8000099.000000,8001714.36,0.0001,2024-09-20 09:28:24
449,THkvbsN93poHK72n5QZakdSX1jmrCBJfy8,8000030.244643,8001645.59,0.0001,2024-08-21 07:17:48
450,TWxhH2Gcm2BBcqx52HWuyjRyCHv4yB5H19,8000010.623780,8001625.97,0.0001,2024-08-21 07:18:39
451,TH49quFc5tT1itmSSm3gDUpkMn4dFZ2H6T,8000001.206550,8001616.55,0.0001,2024-05-17 12:44:03
452,TQdwgHJyfXVEeURaE4zVhCYs4X6Bq74kNj,8000000.000000,8001615.34,0.0001,2023-10-11 13:40:03
453,TKfG3dxqnkdTz51upmofnNbL21S9Tn5dQS,8000000.000000,8001615.34,0.0001,2024-09-21 02:06:42
454,TU7opxf3HAAzaLhuQJuMiE7eyQfFvke5si,7994567.000000,7996181.24,0.0001,2024-04-06 15:53:57
455,TVtnTGK4tuhzmHXF8EV57KAio2UUfrT9CW,7980667.000000,7982278.44,0.0001,2024-08-29 13:42:54
456,TVnr5yL8KzigrimqSwJTwdSaiC1xEBniHA,7976616.760531,7978227.38,0.0001,2024-09-18 14:27:51
457,TYK7GyugddSfQ1daKprQSfUnamt5GYw9u5,7954871.762610,7956477.99,0.0001,2024-08-31 07:58:45
458,TQn9Y2khEsLJW1ChVWFMSMeRDow5KcbLSE,7951427.354350,7953032.89,0.0001,2024-09-21 12:27:18
459,TJRkfdgdQTSTmfQQzFy8RR6o73eLCEorSH,7944341.571523,7945945.67,0.0001,2024-09-14 07:48:15
460,TFdPPre744bUzjina7c4c8exha2SBefN6Q,7936626.000000,7938228.55,0.0001,2024-08-29 13:54:09
461,TBkRcY1WAZ34EKAU7PKcTf3KousmjH4K9r,7928538.810834,7930139.72,0.0001,2024-09-20 07:05:12
462,TLF1qX3ajbiMchJ3H1SiQABFhwhdU7ToVK,7914001.269600,7915599.25,0.0001,2024-02-07 10:22:30
463,TUPmxjDqpArZLPmYDSHp7mTjEK7DW77MLz,7913436.223000,7915034.09,0.0001,2024-09-05 18:51:03
464,TMWdGwqag3N9xjErKwCnope2usQpfjRPBH,7907728.000000,7909324.71,0.0001,2024-08-29 13:47:24
465,TWMTHsUZM2v75Q1AWpxksdUTVsgYXp1iTE,7902748.000000,7904343.70,0.0001,2024-08-29 13:55:24
466,TDs9KZWQffzt5cJcrebwLaQXKuBTD9SMyo,7893648.171513,7895242.04,0.0001,2023-11-07 05:17:24
467,TAzg9kZwCjccrcmuw7KNd6768dbq5y39p4,7890105.548905,7891698.70,0.0001,2024-07-29 05:01:18
468,TBEcsMoTXUjZSZph7Dr43M2ggfCmFAw6S9,7848176.000000,7849760.69,0.0001,2024-09-20 15:50:30
469,TXL7QRsWWx9An75LvaUFjKJfXu6ZCC1NMm,7835371.917744,7836954.02,0.0001,2024-08-31 08:46:03
470,TEGMKX5LVWodRgJ4YQ6eX5zwmFA47ebUHQ,7814525.469554,7816103.36,0.0001,2024-08-31 08:22:00
471,TXk9gRtwg2xo6iYusvkLJZTh8FLBDTwxYV,7803222.609943,7804798.22,0.0001,2024-08-30 05:45:39
472,TDbnU1SaTWrHmsAsxr1q4F3vKWp7tyD25k,7794141.000000,7795714.78,0.0001,2024-06-20 07:31:54
473,TW5n1Nsi9BonCCViQQXNvuxJ8q2LLAMFSZ,7793102.822345,7794676.39,0.0001,2024-09-20 08:28:33
474,TP3qE79ywedJRX8ZmGpx8NmMQadxmVS2kU,7776348.806019,7777918.99,0.0001,2024-09-17 03:37:12
475,TB1e9W7aZzgGiad7U9cu3T8VxCM92Nf8CG,7760099.296208,7761666.20,0.0001,2024-08-31 08:29:45
476,TVEAguhVeAvyw5GkswKzpTWepVgc1zL4hM,7754868.440222,7756434.29,0.0001,2024-08-19 02:30:39
477,TSr3qqZL2rhnRR2fb6B9PKgAXDyA7E8VSG,7750028.655538,7751593.52,0.0001,2024-08-31 10:34:45
478,TUNjDt6BgaXhkwA8Ts4rdoq1yD9nHzLT6a,7746702.600000,7748266.80,0.0001,2024-07-04 05:58:06
479,TTDTRLSHU7rZE8zxq1vy4jaYN5TQ9oACWz,7743958.303834,7745521.95,0.0001,2024-09-19 14:41:24
480,TLADttWpG2d4exWb2fMySDqC6t1ruXxdWE,7728006.490986,7729566.91,0.0001,2024-08-16 06:12:03
481,TKGubwfsPtGs6vQdPPf86rxvzJx25zHbLs,7725524.433160,7727084.35,0.0001,2024-07-07 16:20:09
482,TNqgUsAcmczjLn3LTUD8Cje9qAsXcYYdhN,7721838.378771,7723397.55,0.0001,2024-09-06 11:33:45
483,TCTLKY76qB7ZxMYMkSwznb1sBUfwciz56D,7712341.872578,7713899.13,0.0001,2024-09-19 09:00:27
484,TTqX6fbJ2vkfHvxZqiKVx9K1jkTFKxEU1Z,7705854.182438,7707410.13,0.0001,2024-06-20 15:24:54
485,TRpyPmjScaVavaU8AFb9cWx9WVmLqBahZy,7689488.878301,7691041.52,0.0001,2024-09-20 13:53:30
486,TMCRQqHuL4o1KPBiTTiREaL7YvpRReWZJW,7668271.769484,7669820.13,0.0001,2024-09-19 14:47:39
487,TESJPhRKTWgCxi3LToQtEpxDHgjB3Arw5s,7629306.756310,7630847.25,0.0001,2024-09-19 07:01:24
488,TEy7TsVySAx4F4KcuD74N1rZJQfQkmJyLq,7610107.549997,7611644.17,0.0001,2024-09-13 13:36:42
489,TQdvZwD1enyUn56sMukwbwoujWysRt6S86,7600092.800000,7601627.39,0.0001,2024-06-25 04:20:12
490,TUDTWPgo8fJnWBt6vstLdZew6gT9sbp3Qi,7600002.509851,7601537.08,0.0001,2024-08-16 17:13:39
491,TQFCRvA4XFs3ZSiGqdmGZAWwmj3d91PA3c,7582245.901538,7583776.89,0.0001,2024-09-18 08:42:30
492,THgD3cBaLby7qe3jUqtqKY6nTw8ETj67cX,7571173.125089,7572701.88,0.0001,2024-09-21 09:50:24
493,TGRE7L9rVUACSkqKTvL6jxfacwffQBMCtU,7548956.833980,7550481.10,0.0001,2024-09-20 09:27:54
494,TVM2XHmyVzjktyB1SGLsPvPF8reXR48JMV,7537314.670001,7538836.59,0.0001,2022-07-15 02:56:27
495,TV6g3PBNMaZ7TdaD9BJXHEH5oFxUHxwEu2,7535462.183815,7536983.73,0.0001,2024-09-20 10:21:21
496,TL9k8cnD1QQz2ea4MnoAjDQ9XPMvT2Vpek,7500450.311111,7501964.78,0.0001,2023-09-09 20:34:18
497,TBdbhbkR5tu4CHGQ3gQVwc9EhhSySKuvJC,7500100.000000,7501614.40,0.0001,2024-08-15 07:30:45
498,TFE3meCsffX8xFfWv8Boq7NP3gt2tNmt7C,7499495.740504,7501010.02,0.0001,2024-09-17 06:39:18
499,TB7dATko4gkk4YjQnu9Exf7chpxwiRGab5,7497497.294300,7499011.17,0.0001,2024-09-21 12:17:36
500,TB6GNSSeFvDbx7MPSz7GXbbcxX6kbis54q,7488674.000000,7490186.10,0.0001,2024-06-13 11:31:36
501,TMtH4Pvur6crzDVWynKTdxjqWBw5kf2uaC,7485206.446807,7486717.84,0.0001,2024-09-17 12:28:12
502,TGgMBtr5vS4aNTkDC3QeUmq6SUAoVAVh3Y,7482338.065855,7483848.88,0.0001,2024-09-20 23:50:24
503,TYTqHkDhhtUuHKSmWL4bDfhMGeQpeGPUz6,7455474.095855,7456979.49,0.0001,2024-07-25 05:14:54
504,TF5BS2Qy3MgdddG2FAdT3rttPVHZ9xzf3i,7453487.438342,7454992.43,0.0001,2024-08-31 06:47:18
505,TUQ8DCLqYu17hqUmcwRBZEs2NtqSkx8ajy,7429715.945545,7431216.14,0.0001,2024-09-20 23:48:06
506,TVfws6u5mxX4qSewbkSnvpvoXr6cmtEAec,7427580.035459,7429079.80,0.0001,2024-09-19 12:50:36
507,TJxqbZQnzcTrVBY4bEtSm96g8dPLSpEkyb,7404885.791072,7406380.97,0.0001,2024-09-12 04:22:12
508,TB2cDsYywaVoGpNM1CDJpTB4E79ybs2LVt,7402661.850132,7404156.58,0.0001,2024-09-09 02:31:33
509,TVwWWLhj5oGEaJX5aTbSsotHHWyd27a8MX,7399589.423849,7401083.53,0.0001,2024-09-21 12:09:15
510,TBp6aZEPe6RVWRnG4cGJjLVuEf9JhmPCXC,7398892.440000,7400386.41,0.0001,2024-09-20 11:54:12
511,TFjKKNBqrsjRhmPnimyArxTuPxq5HkG9T7,7397342.703934,7398836.36,0.0001,2024-09-21 12:13:48
512,TYyHUxZQ4b8YGJAP9JiMyg8mpJ4yjYG44F,7366346.745769,7367834.14,0.0001,2024-08-28 12:56:48
513,TQykepWheeEkbcj9FChhYXyBYUt9dm2anJ,7358062.964854,7359548.69,0.0001,2023-10-14 09:01:36
514,TDeidxR4e3GW75fc9YNKKwSp2nNYu8iG4C,7355685.706872,7357170.95,0.0001,2024-06-25 07:21:09
515,TFwoyqb9ckMmVTjN4TYmoz5CUcKcTdVZBZ,7321675.712267,7323154.09,0.0001,2024-09-20 17:57:42
516,TK9yiomSXLkkaXfdczxh27KdUYTHnAFCQf,7319434.852971,7320912.78,0.0001,2024-09-20 13:11:15
517,TRcEE2ygXaLG9FZrq2Tta6aMv2E2tb5hCo,7301735.000000,7303209.35,0.0001,2024-08-02 03:36:36
518,TUVFgWDMkvjrMioJwiMbFNEqPVSTVG3tw7,7300226.329825,7301700.37,0.0001,2024-09-21 05:59:51
519,TD24Af6b13zFmDyGG33N6dGcejGSwr9wrD,7297701.792908,7299175.33,0.0001,2024-08-21 08:21:36
520,TNYB1z4YGfsiyQv4xP3jgVhiiJpEEr3Pkq,7284134.224000,7285605.02,0.0001,2024-09-12 20:29:30
521,TYXfKWL2WRsWgz6M4FkQ3a2iobajE471a2,7282100.000000,7283570.38,0.0001,2024-08-08 04:52:54
522,TSH5RQheG2dX16KQvFc3phrCVYmmpX1bvR,7277956.750130,7279426.30,0.0001,2024-09-19 18:12:27
523,TA2XezmBwH17DaMLK2ALQLYrkcM4xTgAyC,7274860.000000,7276328.92,0.0001,2024-08-25 10:52:48
524,TBNBWmk3idJnHSLMxe3T6okk7SgfPhav3p,7271359.341336,7272827.56,0.0001,2024-09-17 07:56:39
525,TSVpd1CgUqGb66YqQyC7o1g1XjhP3PtFGo,7251259.098845,7252723.26,0.0001,2024-09-03 05:04:24
526,THam6AiU8RcGKUztrE7F7XfMCQWf3RzF1U,7247522.381088,7248985.78,0.0001,2024-09-18 08:01:15
527,TWvLUdKvKzaXtqByWxCN9kAxqozJwt5N6e,7238398.370777,7239859.93,0.0001,2023-10-28 17:18:12
528,TKcuJRcA87PZVohCL3vj7Fc7hT7HYdkmf2,7197655.301108,7199108.63,0.0001,2024-09-16 09:55:18
529,TNQeKvztkEv9CXuAx6zEEttuon4ccok6o6,7188211.119979,7189662.55,0.0001,2024-09-19 03:31:54
530,TX1k8wgg85hoHPaeq7ZTFveSoQ5KsruypG,7180001.139136,7181450.91,0.0001,2024-07-30 20:34:39
531,TFg97szAKpc1Da9uvcz3SBHZCwyWKw2aeL,7170208.351758,7171656.14,0.0001,2024-09-20 15:06:18
532,TN63HcWwVFnYrfPwyxuynhfPBZnVYc7ut7,7168411.639233,7169859.07,0.0001,2024-09-21 11:12:09
533,TTM1JqGvDGcQtYcJFQqvM44awE245U6tHq,7153110.000000,7154554.34,0.0001,2023-09-22 12:57:06
534,TPR9BKfgimno9CZFRcAUDnUX6UKi4tT4wT,7139181.656888,7140623.18,0.0001,2024-08-30 21:01:09
535,TPhqmQNHwdnFJZdfCmRjexkjg64k2hbmUW,7125871.064484,7127309.90,0.0001,2024-09-09 12:24:57
536,TVrFwbv3E5QQcdZRxwivJtF3k8nm7YGMDo,7124992.139919,7126430.80,0.0001,2023-03-05 09:20:48
537,TFbt7XxnT5EC5AyYh75xh4j2MVgTcTNRXE,7120232.035128,7121669.74,0.0001,2024-08-14 20:09:39
538,TKdV5Ls6UaMTyb1zMGZqQKrSbjx2vYjoeQ,7070020.391475,7071447.95,0.0001,2024-05-16 14:44:42
539,TTDtddYjFM98KQbkUm5y6gqpqiGEhiNeYx,7047356.264637,7048779.25,0.0001,2024-09-16 12:57:33
540,TYfD4vFPNydVcCvMctACXNn5QiYc5dbtMg,7043322.960464,7044745.13,0.0001,2024-09-15 05:26:06
541,TNfXh1kC1q2uK5w5AKBE4QJ4rZFAeezxUW,7006294.457971,7007709.15,0.0001,2024-09-07 10:01:42
542,TQ1uNKX3MKqsFNXbUFbweznyry5Qy4UHjv,7004353.023123,7005767.33,0.0001,2024-07-06 23:26:48
543,TJrzFjMPjM59pVB9FhPBP9K25RmMY4AccX,7003924.509589,7005338.73,0.0001,2024-05-04 05:48:30
544,TPwyJwAY8Mzyk2yJvk9bavFzEDo2VFyXiE,7000420.020000,7001833.53,0.0001,2023-11-21 13:14:33
545,TTpyeLpMofaEJ4kD9BJBdqQaW4t6tJPzZS,7000244.098682,7001657.57,0.0001,2024-05-27 04:43:57
546,TCmcb2Y5agzr1NzB3srzQr9Q6k7y6sW8qm,7000200.000000,7001613.46,0.0001,2024-08-27 01:25:54
547,TXNUMHHvazAEPyjECzAqVrnCwJV559ijYv,7000138.263609,7001551.72,0.0001,2024-09-14 07:21:12
548,TVYzeEURfKi1nQSPxh8o4dMKn7GPNFe8FH,7000100.000000,7001513.44,0.0001,2024-08-31 09:53:48
549,TE67aLJim8r5sHSyqGmk5fYtPmcCVPCJ9Z,7000010.000000,7001423.43,0.0001,2024-09-21 12:24:51
550,TEmMcHj6ASCCD6gmprbPw34Xrauyq58sTC,7000007.140000,7001420.56,0.0001,2024-09-13 17:50:39
551,TYwcwgFnmgQk3zQrezLjy1Fs4JQiDLtgV1,7000004.000619,7001417.42,0.0001,2024-09-15 10:13:21
552,TQk7Bz7QrwHNrX9qjmBFd7UCbkxfKMhqKW,7000001.166665,7001414.59,0.0001,2024-01-22 08:14:57
553,TFnq6ZQnvW9vgzE8r4ECq9xfsqqjQV7AGZ,7000000.547055,7001413.97,0.0001,2024-02-07 21:41:33
554,TC1MTetKiWTPLLZpK6k8BRerrxTFsMhtX9,7000000.450107,7001413.87,0.0001,2024-09-08 07:19:45
555,TG2VLFeTtH3tGsUBCp2oUqa9xR4fBoJyLY,7000000.196099,7001413.62,0.0001,2024-08-04 09:29:21
556,TPHL87vmDRBcjFXoYDY3b7hEDfqh5HUH9Y,7000000.055000,7001413.48,0.0001,2024-01-31 19:31:21
557,TSi9rUxV9JyR5pqsoMFUGnagtr8cG2JD96,7000000.000000,7001413.42,0.0001,2024-07-28 07:01:09
558,TQYodfsZu8mizcSiXiia8VnJU1LZSNLxkb,7000000.000000,7001413.42,0.0001,2024-04-13 07:07:18
559,THk7nFKoSVboze4Kq9Ez3535QLHBQt7hM4,7000000.000000,7001413.42,0.0001,2024-09-17 10:50:21
560,THUKiPVh4DXerZBqpSSyr6hpB9gYByvZLD,7000000.000000,7001413.42,0.0001,2024-04-30 00:51:18
561,TCwnx9X9ifU1shgkuCbqbuhRcKxG3GNghP,6995539.578315,6996952.10,0.0001,2024-03-01 12:41:48
562,TJcm4cbkt5ivPv2DMQMsHaGPAVA6E7eMKa,6976811.000000,6978219.74,0.0001,2024-08-22 15:13:54
563,TBxZJktrRmpapKCbvSLu9r79wW1aQoxvct,6970918.439992,6972325.99,0.0001,2024-08-28 13:56:39
564,TQ5psxaW75j36SxoYDSBUD86KQXYfkUuCM,6967060.806510,6968467.58,0.0001,2024-09-11 06:12:03
565,TP3uqgSmCf5gubqT6UkZNWF6UAQpePYyX4,6966295.714776,6967702.33,0.0001,2024-09-21 05:45:57
566,TPzpZWeTg8MQNECJpA9CBZAb26UGtU97Ae,6956594.171000,6957998.83,0.0001,2024-08-16 03:42:30
567,TNhzefFYUd9s8E9tb1VuKffzWPYKXbsd2u,6944609.631961,6946011.87,0.0001,2024-09-19 11:17:51
568,TNPCVVKAuLVyLH8wYsVNwteoKJXScWNoR4,6942909.415502,6944311.31,0.0001,2024-09-19 07:43:45
569,TDdqPLsTgBtopmUAkzFcWcZzYN8K8vJs1q,6936003.032000,6937403.53,0.0001,2024-05-11 03:35:09
570,TGefiZeEwWv5wzy8kgD6shV9ZHFb1wh3ep,6931520.739246,6932920.34,0.0001,2024-03-21 05:56:12
571,TKccDa7373QWGELYoDMFYAFrzU48CaB8vv,6923207.128713,6924605.05,0.0001,2024-09-07 09:59:18
572,TM8Ro8nj5P5vPw2eiMhWhhcdgmyAQLyDfE,6921537.162203,6922934.74,0.0001,2024-09-18 14:57:06
573,TUdFK8RDgoLqfrnyB9wcgNpicvpJJTyrkb,6917159.729208,6918556.43,0.0001,2022-09-15 10:45:15
574,TGEmNtZhUwXZ1k1sKcNdEgUyaWFWA94giq,6910537.701410,6911933.06,0.0001,2024-07-12 11:04:06
575,TMYKWwRwUoLknttqkKbd9PNnspuMwXFBmb,6898561.992720,6899954.93,0.0001,2024-09-21 12:27:18
576,TRg1GgB82bamPrC4bRP2CVpqK7ZkxWBqQL,6897834.869731,6899227.66,0.0001,2024-09-21 07:19:42
577,TYs8Aupg4iXDhifXm1kaCb1MfMcPjLn5RE,6863214.946969,6864600.75,0.0001,2024-09-20 08:55:54
578,TTyx3PzfPpc7r4YfSdjVD3YxsZ8dFUVfkG,6813522.030200,6814897.80,0.0001,2024-09-17 02:22:45
579,TNi6QuZhnaZs8AXPRhgbsbZVTivNfurngm,6813161.707199,6814537.40,0.0001,2024-09-20 13:31:54
580,TPJW9i7AUTGYonVeabGjoEh5Whoc5mEBoC,6805000.000000,6806374.05,0.0001,2024-09-17 10:55:54
581,TFpQxvnAavyTmt8ig7f3gXHzrENZXSb1CR,6800001.274176,6801374.31,0.0001,2023-10-26 10:16:42
582,TA952xLMPX3WWsnyogDPQ7ztgom5KYgAbL,6800000.872881,6801373.91,0.0001,2023-10-26 08:43:24
583,TFrQN3wkPNk1eYk5XsHCxYczurQ5STH3p3,6800000.732068,6801373.77,0.0001,2023-10-26 09:21:27
584,TG9aF4xQj9UumTBn9XpY7yNnKjwbA8ZjD7,6800000.651676,6801373.69,0.0001,2023-10-26 08:28:00
585,TPQwMmCfV6AtQHfULmgwRqLCZp7xAESuPc,6800000.062489,6801373.10,0.0001,2023-10-26 08:59:51
586,TNjsVfjdhGinqDa2kXvDnmcUZzEyidAwW9,6767011.385110,6768377.76,0.0001,2024-05-13 10:19:33
587,TUvQSN7LPoamNeGd74HmEJtDm4jaFvKikf,6753237.620031,6754601.22,0.0001,2024-09-20 20:12:30
588,TPsy9Tqm4Vbm3xWxmc8hBvdAgGRYnPNwmn,6748538.188782,6749900.84,0.0001,2024-09-21 07:06:12
589,TXq81tvYDG6YPq6ptM72YWcBJSTq6nnhRD,6723196.283028,6724553.81,0.0001,2024-09-02 06:21:45
590,TCWrNvACxXJHvx94HyVz73ii2GfHyfK6MM,6713196.598227,6714552.11,0.0001,2024-07-16 08:35:00
591,THfVrCXPHXCXgXkzsH3TXUEa9QE1KcsCaB,6704240.238069,6705593.94,0.0001,2024-09-18 20:25:57
592,TJyU8BFPzfxHSXq5m8Vc544iNoNnJczkLt,6693540.001000,6694891.54,0.0001,2024-07-11 09:45:18
593,TNwA2cssKLZhrexuyniYs8MKtiNddiiuNn,6692673.047651,6694024.42,0.0001,2024-07-07 10:10:00
594,TVw7H9wyXnmpszHXvTesGvK14gnAZKZ6Lz,6664250.000000,6665595.63,0.0001,2024-08-29 11:26:24
595,TAzMFxhCEQvh4foU39pgRuEmhYn8M88auM,6649919.287521,6651262.02,0.0001,2024-09-20 15:34:42
596,TVh1PF9xr4zC5uAqRcCbxF1By6ucp95G4i,6623128.548369,6624465.87,0.0001,2024-09-21 11:24:03
597,TJXWFdJaJvExPqiCouDHc8RJg87x3TtPoq,6622304.527994,6623641.69,0.0001,2024-09-18 18:07:57
598,TR581Ha2Bsb2ZTFXMJ64p36g74UBeBx1TF,6611058.643148,6612393.53,0.0001,2024-09-21 11:12:42
599,TEP3N1hr6ySpKFLVYeKvHrQPATYJyLE3eT,6606225.930855,6607559.84,0.0001,2024-07-26 12:02:33
600,TXByfwCqw899fEPAWTuF3gkhPvfLMLvdr9,6599045.423986,6600377.89,0.0001,2024-09-05 04:02:33
601,TAZUjV9C2p8G6JFcYXBJqqaG8y36F7ZTTU,6590005.281082,6591335.92,0.0001,2024-07-04 08:53:51
602,TQq26fUorctUZvrAgKg8Wz6QyYHvYd6xWK,6587554.211937,6588884.36,0.0001,2024-09-21 11:18:21
603,TUezkhrZPQyk6AcMnEn8VDU6G4Gho7ZcMc,6554981.899070,6556305.47,0.0001,2024-09-21 12:15:51
604,TWrYbSgPBULQoLpH6ScFKUuXkt6UU6J9LH,6550019.501526,6551342.07,0.0001,2024-09-09 16:56:18
605,TVhKou9VmY82BpiZtBCBUbr5gwokVLPMoL,6545011.259535,6546332.81,0.0001,2024-09-12 13:53:57
606,TDdgFEmfYuZyVtqGjRXrNx6VYU49qM3fYe,6542807.003437,6544128.11,0.0001,2023-08-16 12:54:09
607,TZJoxgTjkgZmCZamxp79N6hdyD4XMaXCcf,6527020.141933,6528338.06,0.0001,2024-07-11 08:28:30
608,TG8eS14GvQJ1Qi4iWoePavD8oBiSNVNqzi,6511832.426551,6513147.28,0.0001,2024-09-20 04:01:09
609,TZ2F569v6bcQtkz5fi4Jsq3YTMCpZwEg2w,6506150.000000,6507463.71,0.0001,2024-07-30 11:22:33
610,TNGXGNRneTerdqS5Vr7sFChZor9pnHPYbA,6504995.059006,6506308.53,0.0001,2023-12-16 10:38:12
611,TAs4doT9v6Xk3jJGPfdiWmZrQa87Qqhv7y,6500498.720000,6501811.29,0.0001,2024-02-15 17:46:33
612,TRvfmWLwyqFBujYE7sNrFDx5vXaUHAyhB2,6500100.000000,6501412.48,0.0001,2024-07-15 12:15:30
613,TBXp9mk5c7VzBS56FBxo2ZZxFTsnjBbhGp,6500001.001000,6501313.47,0.0001,2024-09-10 11:23:18
614,TUNuqb3aVDu3RkMtN6shZ7DL5DUe9K7JxD,6500000.000000,6501312.46,0.0001,2024-09-21 08:41:09
615,TEP3Y7yeiQNpod2dMuxsN6zQHTbkbnRV6X,6499735.205222,6501047.62,0.0001,2024-05-04 22:16:36
616,TEvp1M4XgauhFzfYRdWHAKpPq3uLqWZ1Ev,6494638.027521,6495949.41,0.0001,2024-04-03 07:26:39
617,TUV2aDWQqXv2DYRqV5rVEnC4oKDnGXjqfE,6488280.000000,6489590.10,0.0001,2023-04-09 14:58:09
618,TLFnyDXWAC29ZWsecxgq1QnPckMqHymFkH,6483150.879094,6484459.94,0.0001,2024-08-21 13:14:45
619,TTaUi5RQYXe5C1bBR8wLF9GwVNqT8ZZXoL,6470001.000000,6471307.41,0.0001,2024-08-06 15:15:15
620,THqZjj9tVfogEstCLqvsNfNfHnPpuaSZzH,6466537.000000,6467842.71,0.0001,2024-08-27 17:13:27
621,TJfSJhVxGgtQx9TPh4QnHoQWN7hCJCNUz6,6460881.242596,6462185.81,0.0001,2024-09-20 18:46:12
622,TDQZjaGKMCbaysuRvNYYMZsRX1s8s96kmT,6458801.245534,6460105.39,0.0001,2024-09-20 18:31:51
623,THu8CbEHruUGxQzbVUkvqM5YSx7xXH8Wdr,6457027.000000,6458330.79,0.0001,2024-07-03 13:01:12
624,TLfZo1v9EMbvCqwKaWPGqEBzvQFVPNkRDa,6449867.323333,6451169.66,0.0001,2024-09-13 12:20:00
625,TDFfPUJV7MmDKCesaSXUzwaR8sZDBDvcbc,6445625.296709,6446926.78,0.0001,2024-09-08 15:18:15
626,TBSMhULmnaTmR784EHMGHdJ1zupNSD4Q9S,6433091.642119,6434390.60,0.0001,2024-09-20 13:59:27
627,TVh2X5m9YZAzhzEiTNQy4b2dgFujniisp4,6406858.206979,6408151.86,0.0001,2024-08-09 06:52:27
628,TTEc7imZqAzoonk47Q9kRHci5K7zcbEYRT,6403575.406092,6404868.40,0.0001,2024-09-21 11:16:51
629,TW6QRTqDUL9oEG6qnMkZZCYvn4tkHBteUN,6399979.479688,6401271.75,0.0001,2024-09-21 08:08:45
630,TKTKSx3jHhE4zjYmu7Xo6rCeZoSNJ3gQtC,6399785.926134,6401078.16,0.0001,2023-07-21 16:19:30
631,TY5dr57xg76xzVX9kyxifpf2BT4tRL47J9,6396024.933149,6397316.40,0.0001,2024-09-21 12:19:39
632,TQsyCtQSioz7BkjPT5NLrFYjFoUEWJY4AA,6392071.604556,6393362.28,0.0001,2024-09-20 16:54:48
633,THdAsbz6KVcGUzjiXMMDDFZvF3ETL2d1pX,6387104.525539,6388394.19,0.0001,2024-08-24 19:42:57
634,TCLAvSBQJmU7oU9hv7JACFUshnZDQ1UPh4,6375596.129075,6376883.47,0.0001,2024-09-07 13:21:42
635,TFyJjuU5FQmHux5hc7MmFCekNbBLRdeYda,6374085.320995,6375372.36,0.0001,2024-09-21 11:16:06
636,TQkSS8KwVwjjRC7oQS7FBRWsNHsZwHBTko,6369096.254876,6370382.29,0.0001,2024-09-07 04:58:45
637,TBmcSXQV5wiAN9MryAFPwhvDHBBRn6wiAv,6364146.413692,6365431.45,0.0001,2024-09-11 19:51:45
638,TXxmzZD3fRbtGhfg7pb5v9ioSuGdX1M1BT,6337814.060937,6339093.78,0.0001,2024-09-05 19:36:39
639,TPXfkQLTytwww2SrRY63vMrCmwy3t8theN,6329939.368373,6331217.49,0.0001,2024-09-21 07:52:06
640,TNp5gsJhBmZFXgCdgjMgr8pEZ8fHgXUHDq,6325493.801514,6326771.03,0.0001,2024-09-21 12:26:12
641,TDGKyJAVwAJzuoVycL9ko7jiwEEPtiHEGz,6325357.330000,6326634.53,0.0001,2024-09-21 09:46:00
642,TPQ9VsKMrxcwWQ7cDsKwWN951Tpz4upFtk,6305555.688573,6306828.89,0.0001,2024-09-04 14:29:24
643,TQ2DuWPaFASA3VfvoNeLKjK7gmqV1YN8zt,6300012.364145,6301284.45,0.0001,2024-08-04 12:26:21
644,TRRTsmM9GFzF3qKZaeY8HsysocG4akzQao,6300010.004690,6301282.09,0.0001,2023-05-09 17:06:06
645,TMhBh6zH7k2L8fMzidk7k7pjaAa5L7cYDb,6294995.108698,6296266.18,0.0001,2024-01-11 05:01:48
646,THVaGo6gDgJqFJ8yKCqHD2By9v8imvv35y,6284000.000000,6285268.85,0.0001,2024-09-03 08:31:09
647,TNAfStqVaTak2mH81fbnuHVKTfy7bbcqRF,6277835.999825,6279103.61,0.0001,2024-09-21 12:27:21
648,TV7EdTZ3RqmVMuLUeU2r7S5gSVzEeTALqB,6277364.395370,6278631.91,0.0001,2024-09-20 15:43:15
649,TJgc7BxuVBcyXb43TLXnfJfNVmqJmkdyCf,6261322.515000,6262586.79,0.0001,2024-09-21 11:14:42
650,TWCjvDVii2GgWXjRj6cXAhFcCq2vAaCfsQ,6249952.458309,6251214.43,0.0001,2024-09-12 03:59:12
651,TQQzvGGqYV7PixqPxrxuACAHeJ1dryK324,6247043.913817,6248305.30,0.0001,2024-08-15 14:22:21
652,TLjty9ak8vWRRsZY6kJZjZ12hzWx8PsYfQ,6230158.096981,6231416.08,0.0001,2024-09-20 16:49:00
653,TSVTA6N4UZf4gDXM1GBsFt9iE8FDd9BygT,6219122.201105,6220377.95,0.0001,2024-08-13 16:11:45
654,TMvJtGV2t9ecct8kLBgaMtZQxaH2PVMYRi,6212807.367553,6214061.84,0.0001,2024-09-09 13:10:06
655,THiPsPD6Sn1bgYXUwQiLp7QAwzcA6J8qUg,6200103.006006,6201354.92,0.0001,2024-09-20 14:25:21
656,TJpZARapfEN8gWnh99Hr22ANp8rwfA4kPP,6200002.021000,6201253.91,0.0001,2024-07-30 13:26:21
657,TV5mPQfnuud1V9hcx1pfgS7kdGtm7TC1gk,6192300.154000,6193550.49,0.0001,2023-12-27 18:25:51
658,THdTnfgmUxt654qFGcPYDgFpVvZxDL3o5u,6183498.380105,6184746.94,0.0001,2024-09-21 12:14:00
659,THabzVqBV5jbdYKCp9L5GBQTZmfz4zaU63,6165576.113711,6166821.05,0.0000,2024-09-21 08:38:36
660,TXGfbUNr85LJQady1UYkjQCtWyvBddYp68,6158100.000000,6159343.43,0.0000,2024-05-18 19:21:06
661,TH9qDRyZBHNfTkq9VGf1zzqBERbe9tSBAn,6126598.434376,6127835.50,0.0000,2024-09-21 12:17:33
662,TS6uSYKDkS9BA9Wb8pKtScRtAuQ6ax3KSN,6115908.437670,6117143.35,0.0000,2024-03-21 15:28:42
663,TTd4GSCR2nGNPZwxjM5QgB69NKTgKFq321,6102260.265222,6103492.42,0.0000,2023-12-02 14:51:33
664,TWkPVY7PPr8z8SuddvJ3TLjwhktSavCKFA,6097226.850807,6098457.99,0.0000,2024-09-11 18:42:03
665,TJiyTQ62xLiHB68FWFfx5LUUu7ckaQce2P,6078528.752911,6079756.11,0.0000,2024-09-20 19:05:42
666,TNchiQrVJ5rR25n2iuWNWamCLeSehjuEg5,6074715.614054,6075942.21,0.0000,2024-09-17 16:48:15
667,TB9Z3oq1YSrGyTHYepm7Rc4pLEwkuEaDw9,6069046.771000,6070272.22,0.0000,2024-07-28 10:36:30
668,TEFEp7jrrHJse75zFNpeQibEXo7fa8wSfj,6066848.375562,6068073.38,0.0000,2024-08-29 06:31:51
669,TS3TSS9FnQpWx5eCq3xhr6Jyho7T332mqH,6048299.257255,6049520.51,0.0000,2024-09-19 19:48:12
670,TA1PHqa7LjTsbjCsg2n7p2jRsfHppFANJj,6034503.001000,6035721.47,0.0000,2024-08-16 03:11:45
671,TG2zmRLUpQNb4nTyiaNJAnTSyUyZZJ7m36,6033656.000000,6034874.30,0.0000,2024-05-31 11:23:12
672,TSGXdsUUXNbVDD9Dk7UPa4WGZBRCVNE3fS,6033137.219742,6034355.42,0.0000,2024-06-01 12:51:03
673,TZFEsPT5fZ1wzG6FmxG1iL7HEidQg5XYL7,6032997.987831,6034216.16,0.0000,2024-09-20 10:27:30
674,THiB5YXpg8w8jCiu5kWCSYEbeciDmH6woS,6031879.000000,6033096.94,0.0000,2023-09-25 23:09:03
675,TF1cdMgzk48xxBPk7Yq9cs6c4xAyj5j8mi,6018852.256004,6020067.57,0.0000,2024-07-31 16:04:27
676,TAf5vCsSgwoMMrbmnHGikSiY4F6hh2mUrS,6018746.003000,6019961.29,0.0000,2023-11-13 14:52:03
677,TCJbPEsr5JE1wPNABbw5y2Bcu5dchtZbBg,6018687.231304,6019902.51,0.0000,2024-05-23 03:36:33
678,TYUuFbvpjLWhUd1Wv9hagBiCLajfyduKm6,6015250.075127,6016464.66,0.0000,2023-08-15 15:42:06
679,THkaRrXWrZ1WC5HqsbiQEXsq4oZ4ioRAje,6010610.366879,6011824.01,0.0000,2024-09-20 08:32:57
680,TMjpYBLKjfAC1WGCmh7DDNnmeU8YRWDjSd,6010000.831251,6011214.36,0.0000,2024-09-17 14:15:54
681,TS9AG7wGE6o3JnJ7jcbH5JoxWQ7emsy765,6008587.977658,6009801.22,0.0000,2024-09-18 02:12:48
682,TTQ4FBYBb7KhvesbCdWcx2DFrEr2HDgCXH,6005000.000000,6006212.51,0.0000,2024-07-04 17:16:39
683,TLt3grRvrWBtgrRi3hiU1Rt9aoj6c915gv,6001000.002000,6002211.71,0.0000,2024-08-10 17:03:42
684,TVT2LQVkMwY85MN1Wniit8APygnES3Prhr,6001000.000000,6002211.71,0.0000,2024-08-27 23:25:36
685,TNwSXMRmkegHXjgor9wtV9HsZWAcsBKMri,6000246.786474,6001458.34,0.0000,2024-09-16 08:26:42
686,TQFyxybGsBcXhCNDimPe1ngPTEjKfDC4af,6000209.000000,6001420.55,0.0000,2024-01-04 19:24:18
687,TSKkaDxrhQr2cbydhySQo9XBKyUdpUbKVV,6000178.083644,6001389.62,0.0000,2024-09-20 09:26:15
688,TJg1yjcVQcajnXfR9dCXd6YFNjPzY6p3Kc,6000016.036425,6001227.54,0.0000,2024-08-30 11:50:24
689,TSV12ENnpKarxKDEoB7tYWuQQ6Qx6ZBAmC,6000013.000000,6001224.51,0.0000,2024-08-22 15:18:24
690,TFtKQWWeAmdjvdRoNiTCwaMRLqLKnFUNaP,6000011.000000,6001222.51,0.0000,2024-05-16 01:57:09
691,TAu717r3Nnju5WSjkbpG6SJCQEZZ6WkfR1,6000009.089413,6001220.60,0.0000,2024-09-18 12:57:51
692,TS12yLS8EqUtioRdqZTDW4yqcACmdwn6C3,6000008.758004,6001220.26,0.0000,2024-09-19 14:49:42
693,TT6niTMnfxCDru6QxHza3kahyRicZk9MYR,6000007.720003,6001219.23,0.0000,2024-09-16 14:38:27
694,TRg4hGp78VGe3KhijL476fSuCu5PNG4HrX,6000007.575634,6001219.08,0.0000,2024-09-20 14:54:45
695,TN6HV5wKCdKEkRq9kjQhDifHgdLTMJR7cV,6000004.208000,6001215.71,0.0000,2024-05-02 06:31:30
696,TDbiJwJtYnb9qrFXuVzsWgsEyPCxezja6o,6000004.153021,6001215.66,0.0000,2024-09-20 21:46:30
697,TLgKPnDkP5nQsf1teQ182JFa4GhC2cukiE,6000001.102010,6001212.61,0.0000,2024-01-21 05:20:39
698,TNfHPPCA8zmFjBYvd9qmWxRHYtASwyzjxg,6000000.999999,6001212.51,0.0000,2024-09-20 19:19:33
699,TF3dMj4keuQNEGDirAmwmNGjTVbqmBpZMb,6000000.625257,6001212.13,0.0000,2023-10-26 08:02:45
700,TMmKn7fjxEgs4jxPdL9qCQ5tWsizEbuDeX,6000000.604500,6001212.11,0.0000,2024-02-15 11:39:51
701,TNxMmWJAd3RPBMnPGPvFi3dgkvnwNrp68k,6000000.089910,6001211.60,0.0000,2023-02-01 00:44:51
702,TRjAFGhpYmBfSCxxGiCPgHp3bcXywhAoBk,6000000.070002,6001211.58,0.0000,2024-09-16 09:24:30
703,TRYKQNPpw3z2yucj34DMSi3FsV5xQoGBah,6000000.010000,6001211.52,0.0000,2024-07-07 11:44:15
704,TYLnd5wGF5tQnjFqFG3ovWg4nTCSZtrCFU,6000000.000000,6001211.51,0.0000,2023-10-26 16:15:21
705,TWmNYbG6NmMxDdj53tNXyC5xYDWVX8MpvT,6000000.000000,6001211.51,0.0000,2024-09-19 07:07:48
706,TVc5c78aJE7tLHVdK4vRwgLLphRTaJvHxx,6000000.000000,6001211.51,0.0000,2023-10-26 16:19:06
707,TQQ4idtEwigncLpReK7Mw2srmKKhJ6p7EC,6000000.000000,6001211.51,0.0000,2023-06-08 12:44:42
708,THyYtzLshjuA7bDcRV7jXcbXomWUBddt4J,6000000.000000,6001211.51,0.0000,2024-05-15 15:50:03
709,TFNZNn8oCg1apj2Ru6yZjdwq65d6HA1fyo,6000000.000000,6001211.51,0.0000,2024-08-26 14:54:42
710,TF9MN2seRxky8iL6WXRMboz7Tz4Bb2zjFP,6000000.000000,6001211.51,0.0000,2023-10-11 13:32:42
711,TDBUcQkYS9tniMABNn7FfYsHK6aXaAyo5V,6000000.000000,6001211.51,0.0000,2024-07-31 03:37:48
712,TUK2RKM88xyvB3VtTZGgCYqAek4jaYto8x,5999999.000000,6001210.50,0.0000,2024-05-16 03:00:48
713,TH5PEgwdjGhzARDcNvvDjzvJZePrkgX8mB,5999999.000000,6001210.50,0.0000,2024-05-16 05:35:18
714,TEEiPRaZmdHfxTaep29CUnuz9eTrmWjqMz,5999999.000000,6001210.50,0.0000,2024-05-15 18:20:21
715,TAHfM5GMuU2AaNLWTCpYctpxDSqH4pCtoW,5999999.000000,6001210.50,0.0000,2024-05-16 02:02:09
716,TPJS3JbRwz1AgiJc6EoPYY5V1kVoAHdQZ5,5999970.281010,6001181.78,0.0000,2024-09-20 17:05:15
717,TXfgEv9jewVViXvZeXakfyT7rRNR26qmx1,5999872.000000,6001083.48,0.0000,2024-09-20 18:18:57
718,TALg9Ht8WXvaA263HB8sXTnqYir8bbxFjr,5999008.542176,6000219.85,0.0000,2024-09-21 11:19:48
719,TFXPjX7hPnY7c2kMBN7S6Yex4ZqfMzgt1w,5994174.579774,5995384.91,0.0000,2024-09-19 09:12:51
720,TGu1Rj7Ld6xt487b6DTuya28caFKQsz8yp,5987856.602884,5989065.66,0.0000,2024-06-15 10:27:00
721,TM7UmHZLLMkPsgq8h1vHpBsVog7wdBs9VV,5985665.191609,5986873.80,0.0000,2024-09-21 08:44:39
722,TKRia1RF3sKDGpdbaDFmTEvuZJUmudyioY,5976167.153067,5977373.85,0.0000,2024-09-21 08:07:36
723,TSzgwcawpkFDXbFqHxiLgoT6bpEz2pYpMQ,5954997.323400,5956199.74,0.0000,2024-09-10 00:48:21
724,TB5wkA2Hp7ZvMboEx1uknhwknaTcuDsBhM,5953604.917344,5954807.05,0.0000,2023-05-07 10:37:09
725,TR8fkSgT1RS9nRByG8swhpEWm7D2ffvacf,5928444.783644,5929641.84,0.0000,2024-09-20 21:00:33
726,TP5iCDFYD8vJYGc21p3jPEwjkuiywYwPMw,5904754.162309,5905946.44,0.0000,2024-09-20 13:46:21
727,TVGWK9CWEZKwE3GrL9jDq2ebzFGZQAs9i6,5903450.000000,5904642.01,0.0000,2024-01-27 16:05:09
728,TFn1UpnoysBriLLgFrMydUVyw3sdM55zuc,5899060.782865,5900251.91,0.0000,2024-09-20 12:36:54
729,TKMMjGnJGMAtTT87cMCKgZBBUdCxkhmLfv,5899035.000000,5900226.12,0.0000,2024-09-03 14:37:24
730,TNszhGxxWomcZwFb6xtKMuWDc9ohv7WJHc,5886545.041847,5887733.64,0.0000,2024-08-21 10:26:27
731,TGYfuksKmAMufPfhS8vPR1N1T5zjadQvUo,5885446.747300,5886635.12,0.0000,2024-09-20 20:52:54
732,TCJBNsEgofMmTPU16YHVvF4dLBTAZLxhaH,5863730.114110,5864914.10,0.0000,2024-06-06 16:06:51
733,TWGWaQyyLabi4XXNkKtwkWLFYhYMdECWFh,5859205.130045,5860388.21,0.0000,2024-08-26 17:47:39
734,TGgoc8bGfmT7GFPz9QQ5AUfyKtm7uu3ZzT,5851633.748184,5852815.30,0.0000,2024-09-20 14:39:00
735,TNvWbPx4tpzFKqH4TSHr7HbY7JiBtgn2bc,5850000.001000,5851181.22,0.0000,2022-11-27 04:22:27
736,TFMx58kN6bXxxhkUzywLDoFxXCtDU6K3E6,5848648.555092,5849829.50,0.0000,2024-09-20 13:46:00
737,TFfALD4p6VexrBNysnTJHdqvZrRyF2RpyY,5848363.224197,5849544.11,0.0000,2024-09-14 18:16:36
738,TJeAgBoCJmoxXW8nqkmtqAetiRxyixVAiq,5842695.302048,5843875.04,0.0000,2024-09-21 12:26:15
739,TZAwCRqEJHHwbG6ryQTxvap4UMcXqdfGNL,5807864.313582,5809037.02,0.0000,2024-09-10 08:29:12
740,TWPVLzEMx578KQJtfqbLWWteFKrrQd31vy,5800545.561475,5801716.79,0.0000,2024-08-12 11:13:03
741,TSmdP3PFXMciWm8y7sLaK8swFbPWoKDK8m,5800017.646615,5801188.77,0.0000,2024-09-11 16:38:45
742,TXyomUswRqdQnZqkrJwah9BaSPpyczkgMF,5800004.101595,5801175.22,0.0000,2023-12-30 11:30:24
743,TM7wnGbtbfQZe9Rg1PyuXihEQ6FD2cdQWu,5800000.158349,5801171.28,0.0000,2024-09-11 02:14:36
744,TGrrDHBgvRwe4KtdhDeTD94evymjmDVmQc,5796890.829770,5798061.32,0.0000,2024-07-30 12:36:24
745,TTUBFtyZZ5uW8Bei2cyfRWc6M1h6m8zyuw,5777242.622500,5778409.15,0.0000,2024-07-12 13:38:00
746,TMuo169Qyup5Bes4FhAYuKwsaWiWqGKonE,5774344.627137,5775510.57,0.0000,2024-09-18 18:33:03
747,TA6yShoZEiX1jtGJFtq1QrvdFvUzscvrxB,5761422.314409,5762585.65,0.0000,2024-01-29 04:50:21
748,TYEyRUfpiNz7LM58XWaewnS1F7bBXoWFuG,5755165.046669,5756327.12,0.0000,2024-07-15 22:56:45
749,TLjAMRJa56TdwUMMVteSfEq84HwYtpURN1,5751100.641524,5752261.89,0.0000,2024-07-28 10:43:57
750,TPUzFbQs9V5veuzh3p32yJ4jc6HxjHi5Aw,5748039.832000,5749200.46,0.0000,2024-09-20 11:40:06
751,TKicTYzzAHvBy3QxVBr1BFJxPRZndJxHFi,5741447.853801,5742607.15,0.0000,2024-07-10 16:11:18
752,TKuZB1GWMADzBGLKzCotUajjKhkRyXjsFu,5740788.000000,5741947.17,0.0000,2024-06-25 14:51:45
753,TSeHD6JXtd36RWLx9SfFhoJe9T3WXjjkVU,5740561.000000,5741720.12,0.0000,2024-02-24 21:34:06
754,TJpgURmJC1fmhZ8BzRfQqH768Munak8EKj,5722885.480388,5724041.03,0.0000,2024-09-11 07:17:39
755,TMJvrHKfsZvUWDgXgsmUNxAVDtHu5hwPEX,5703596.795112,5704748.45,0.0000,2024-09-20 15:25:48
756,TU6VdVR7EFjMHZBWaC634r3BboiRWNtFnM,5700000.000000,5701150.93,0.0000,2024-09-20 12:19:03
757,TVVQs4Uie7J245sKrX4yzTcJhnVGqprtLW,5696402.121005,5697552.32,0.0000,2024-09-11 16:09:54
758,TLEihQVyfgMWBmgyttXwXC6HwoYtgg1w5X,5695901.455970,5697051.56,0.0000,2024-09-20 16:02:12
759,TQzSjQwTujA7EghfMavxaZj8zsNfgVKytp,5694207.316457,5695357.08,0.0000,2024-09-19 05:33:03
760,TEGzhbGHZqPA9tCwb9MNN2An16cGDPJinb,5688157.708374,5689306.25,0.0000,2024-06-17 09:35:33
761,TTnLdRihxmfE1Htz84yaEjPBj9kcjfM5Xc,5671513.420689,5672658.60,0.0000,2024-09-21 12:24:18
762,TXsvdS8nkTsN3PB3Wy6socebTDhV9Hn13e,5664961.603250,5666105.46,0.0000,2023-11-13 07:41:33
763,TV9KhA8wtYh6RQW65MwqpEoSxCxjSNZzz1,5661049.955954,5662193.02,0.0000,2024-09-19 09:07:39
764,TSTNMVEr9zDvLUJnYTSf136uNkmT2EUBQo,5658608.321864,5659750.89,0.0000,2024-09-20 11:39:27
765,TZ4jvu5PUgs7jipMah1yfAzNNvnK6cBFZU,5650187.964026,5651328.84,0.0000,2024-09-21 11:10:00
766,TEYFkDqANVgjN4cYUqTXcEEbodyqsgGggv,5650000.016881,5651140.85,0.0000,2024-08-21 10:22:27
767,TSZ4jkotiMdigT122RdpjM2e6vAo6zQWay,5649758.099280,5650898.88,0.0000,2024-09-16 15:20:09
768,TQJpdhUBSTRahD1JH8ofTod89DHdrYRQvG,5645269.007752,5646408.89,0.0000,2024-09-20 14:03:12
769,TMGbYJDnArNgB2cZMeVHXdDkYKSapKzE27,5644039.483225,5645179.11,0.0000,2023-07-17 12:16:18
770,TU1UMXdszE1ZpCgU2gnb4jy8ZbhueqfEtD,5638255.555973,5639394.02,0.0000,2024-09-13 08:51:24
771,TE5DXR6FZWcJNQyy6DpNyVHyyNdYcRvwst,5609201.904990,5610334.50,0.0000,2024-09-20 11:33:09
772,TWRCEszh9LmxnHmUCjjc62jf9z7aq5PJto,5591207.133001,5592336.10,0.0000,2024-09-13 12:31:33
773,TXAeDjH4zufZHVjkhr8XWZDZXfMNENZKbU,5579570.254671,5580696.87,0.0000,2024-09-14 01:42:21
774,TDsGhrx9hkhPrvJw7jdcU8CPmW2xKrUvyX,5566125.004000,5567248.90,0.0000,2023-06-19 10:16:12
775,TNUYa8XMYornpmiSgUon894xjFFgYV5iFw,5564583.436335,5565707.02,0.0000,2024-07-06 17:12:51
776,TNTgAUm7u2fauKz9RKN9TbfCEu5nWceg91,5559050.810469,5560173.28,0.0000,2024-09-20 13:26:27
777,TQLcbE3dvf6vRFsvgVawdV62a81CJJ5JWX,5559000.902962,5560123.36,0.0000,2024-09-21 06:47:33
778,TSc189AkuKN5CDo7KTykMnTzyeQ7NEToJe,5557817.043216,5558939.26,0.0000,2024-09-21 03:41:27
779,THPrtqZNj8yXBPahKWfkyrXDZbMdPhhknr,5554556.617364,5555678.18,0.0000,2024-09-20 19:09:03
780,TAvXshDGADDqotRQfSWmGjwg1rzpKdKCVN,5550002.520302,5551123.16,0.0000,2024-08-12 08:08:09
781,TGDB2o2Fz6hxm8ZjcQmgvciiJvScQKis6R,5546586.000000,5547705.95,0.0000,2024-07-07 22:34:33
782,TWz8QUDw1CShZGkgo1Lr6GXC6sCMgTzdN5,5538077.000000,5539195.23,0.0000,2024-06-13 18:37:00
783,TXUucCoRSobmDjiS37dRbEMLS3uPHg2w9U,5528305.156126,5529421.42,0.0000,2024-09-21 09:14:48
784,TBes5vgzJhMMgCw2uoPc6z4GhjnwQ1p44N,5527202.601751,5528318.64,0.0000,2024-07-10 08:14:39
785,TNzrrW8ETfdawWc3wi1q9CSt6XGsLaBc9f,5518393.303963,5519507.56,0.0000,2024-09-20 17:05:18
786,TBDYtqSLvGotY11Miz8TmbcvPfgx4UYWWb,5511490.348539,5512603.21,0.0000,2024-09-21 10:36:33
787,TYPrQe3P1WQxniRGdgR6YTQjnye6qLkJZa,5509475.340602,5510587.80,0.0000,2024-09-20 11:12:36
788,TNwPbLjaUTuqSkkJyFjYLMLudDw8EvY8Ge,5502610.949192,5503722.02,0.0000,2024-09-10 10:55:33
789,TEx3HvWRS14yNQoEpHk3shdysnfirbT8w8,5500004.145759,5501114.69,0.0000,2024-09-20 09:59:42
790,TPSuZN8Scmd3DYTn29fKgpXbA5kBzZnuGQ,5499935.500001,5501046.03,0.0000,2024-08-18 22:50:09
791,TVxf4y5EeQnMnREMXR3jj1dwFGFv6GdQpb,5496804.842506,5497914.74,0.0000,2024-09-12 14:25:09
792,TAQDUrWe2oitLTgYyaRY811imbd7pzRkc9,5488952.391493,5490060.71,0.0000,2024-09-19 09:31:51
793,TY2BQT4P7jtfZ2shjT7VQh6Ya9okKeyAnx,5488911.037821,5490019.34,0.0000,2023-09-09 18:39:33
794,TQH97Ua1uExsWSNmcXh5BFUtopYcLCYvzG,5483998.000000,5485105.31,0.0000,2024-05-13 11:42:18
795,TFSAM1zFbPxywToU8h7ETbGR6mUXeqFcoZ,5477710.630000,5478816.68,0.0000,2024-09-20 15:00:00
796,TAB1VaaDEj9NQrj9LBv3ugXg8thirg1ySe,5467346.343149,5468450.30,0.0000,2024-09-21 05:44:09
797,TShfP4DPeDa5JV4NMef5STih4RWRnsmTxJ,5465457.814967,5466561.39,0.0000,2024-09-21 12:23:09
798,TWaXDLahPhKqyutMzjEP1hBqJxeu8gYfyj,5454445.461396,5455546.81,0.0000,2024-05-08 05:12:39
799,THdYnazM4P6DuWTdtW5BNcMAV75tSim5CZ,5451446.295534,5452547.04,0.0000,2024-09-21 10:11:45
800,TWyXkbYBaaGUUoxT9RLPU4vHfa9vQr5eSU,5449264.260799,5450364.56,0.0000,2024-08-28 11:39:57
801,TQheL4o4iBLyhPyK92X7sQYCGZAcCuEayN,5436834.287572,5437932.08,0.0000,2024-09-21 11:18:51
802,TCtwPWXfMFfJuP66YCi7ayaVEBUxWSvUmp,5435780.887335,5436878.47,0.0000,2024-09-20 04:23:30
803,TJEVVorH3pJmhTHD5vCJdw6HUsp4s3nT2T,5423480.980692,5424576.08,0.0000,2024-05-10 01:56:18
804,TRPvsCgqR11UcmAM8oEtitGiuQLoQjqhKu,5405517.021061,5406608.49,0.0000,2024-09-21 08:05:42
805,TAipe3nHjBQiUvC3RYUisozwQo3XfMmJjQ,5401930.752908,5403021.50,0.0000,2024-06-06 17:53:45
806,TMuqtnBxUpsXF7S7rRo91GaLcXhnEn7aU8,5400001.116873,5401091.47,0.0000,2024-07-09 08:43:18
807,TZ4GreXLizzue1jR2w9iSZGs37vHvzbaRY,5398890.102269,5399980.23,0.0000,2024-08-20 17:33:24
808,TQQNgeqT2yHB7jhFa1nMzaiei5cphvePEM,5397800.158158,5398890.07,0.0000,2024-07-25 07:29:06
809,TVo6qHwXuwbt7pJJJutWZ8MnUSqqkh4PjZ,5396136.501065,5397226.08,0.0000,2023-07-17 10:43:45
810,TMnUeTTy63w7wpymBLVMHWvbdo2iHYTv7Z,5390562.320448,5391650.77,0.0000,2024-09-21 11:41:27
811,TAhWLxANNGpABQ4HRXZv4goNQ7usHwY7sY,5386807.805478,5387895.50,0.0000,2024-09-16 01:49:36
812,TYXzdXQw1xtxGaCaF114QqeStQk1F68fEf,5383866.784970,5384953.88,0.0000,2024-09-18 08:36:24
813,TEUVNJpRFeWf7AaBbzGUFrYt3DCpH69V9t,5379115.157023,5380201.29,0.0000,2024-09-20 14:42:48
814,TBZ4ck2TskTB6Ja2oUB8wtHSff8hizq6V6,5373895.410001,5374980.49,0.0000,2024-09-20 11:34:45
815,TCtpyj8if6rrStgJ8V9cvD51nSUBmWHmcf,5370009.307071,5371093.61,0.0000,2024-09-21 10:19:36
816,TDam9r8gBTj1HWwEm1wuJ6VEKso9SzpY55,5358115.922005,5359197.82,0.0000,2024-08-26 04:30:54
817,TRmj6rXkxRnyzKo6vsG1xLTHatzCWZJiSq,5349998.000000,5351078.26,0.0000,2024-09-12 07:04:33
818,TE1EUofHLpckRnPrhPD9P7ogyz34BZwL7c,5339969.242211,5341047.48,0.0000,2024-09-21 12:10:24
819,TBD3fzohuqtRfFcxs8tiTuMt7NXa5wwJ3j,5334577.807783,5335654.95,0.0000,2024-09-18 13:04:51
820,TMeyqoCVdtJfB7Bh6iyhqXyHoQb3wR5Wjn,5333044.008214,5334120.84,0.0000,2024-08-26 20:17:45
821,TXrLor9WkCZXHFibALCwkfy4aamvzM5JQa,5328754.535583,5329830.50,0.0000,2024-09-21 00:46:54
822,TDKxibXXYKzwhGawQguBKYdUbaeaKSTMJp,5327399.000000,5328474.69,0.0000,2024-09-08 18:20:54
823,TYE6JkthduSpRTmyBxcDk277YrAnhizQXG,5324101.733645,5325176.76,0.0000,2023-06-16 14:07:24
824,TJoE2qtgz8APe6ny4KB4jfYpHZiDBkaT3L,5322185.467553,5323260.11,0.0000,2024-09-21 06:28:21
825,TAEd5KWG16J18f958MWtUcFihwXk2P8kZ8,5314403.194013,5315476.26,0.0000,2024-09-21 10:03:18
826,TB5umdvBU4EEiEKqiHm2RxzHovLwBTwdDC,5313810.497670,5314883.45,0.0000,2024-09-16 13:35:09
827,TEa9koWs3X963TdrYe3ewq1UhBbuwqU25x,5309424.587101,5310496.65,0.0000,2024-09-05 10:38:42
828,TYenFrc9JLzbiyx67QdM8UVzCJk3xKemk8,5309319.766483,5310391.81,0.0000,2024-06-30 15:37:00
829,TPvSuWtswhcYH7AtBwsrQwz6gvv8Y8Vasm,5308483.611143,5309555.49,0.0000,2024-09-18 13:04:45
830,TJqynTxNg1uUnNJdiGyutCrEWsv8tJbezj,5300300.000000,5301370.22,0.0000,2024-08-09 12:39:21
831,TQcPkjEp1ZPK8xq5WCwWqz3MSmie2fJQ1K,5300003.396039,5301073.56,0.0000,2024-06-16 11:07:54
832,TFNKu23B8phtTB3kY1GFZUSqXaJMginNpv,5300000.000000,5301070.16,0.0000,2024-09-02 16:15:36
833,TShS8jwiQ7r9V7Nq65hNLcJCXuihkFnAFy,5299205.000000,5300275.00,0.0000,2023-08-25 06:04:24
834,TPmvZCa6NnQ5yjNmbnm8DkwLVZcCgxL2Rs,5296214.619004,5297284.02,0.0000,2023-10-17 09:22:54
835,TGFdAy13jNkTKJFy7673HJw81LZ5QCy1Da,5292054.000000,5293122.56,0.0000,2024-07-22 12:56:06
836,TKdZg2N7E6VujCUHz51DCzJxF7hPyUv5gD,5284973.519700,5286040.65,0.0000,2024-09-01 05:37:24
837,TBKvuuuvUSmt2C9hdJidybRS7bJDbejTnR,5265349.617936,5266412.78,0.0000,2024-09-20 08:23:48
838,TMVPA3iHUTg8SU5LTFYencMYw8Jtcr9C9C,5264577.161252,5265640.17,0.0000,2024-09-15 15:37:12
839,TWrAb86g9e3y2rfwnDQamcCkpwHESwKk75,5256538.553907,5257599.94,0.0000,2024-09-06 07:27:33
840,TGYpERc7wRqtCJtZA1e9MuPsYPhequ8jsG,5255789.043504,5256850.28,0.0000,2024-08-28 08:10:15
841,TCK6rM4yu2RvM88y1DHVwjZkSA6kmXBb7j,5253804.493710,5254865.33,0.0000,2024-09-20 21:52:57
842,TTK4E2A4psariMQBBBKMzM8jccphZMA7UC,5240508.701843,5241566.85,0.0000,2024-08-26 05:49:30
843,TN3D1GYQJQ8kNhXJaD4kC1SoUHipEyfiF6,5223915.050000,5224969.85,0.0000,2024-09-07 10:07:33
844,TF4uJu5CZ58YDNH8LFd6F4BH57x8EynJth,5219523.029554,5220576.94,0.0000,2024-07-12 12:12:48
845,THBxseHnGTP1U7PtUGpa7MzJKKGXofwDSW,5219355.477776,5220409.36,0.0000,2024-04-16 07:49:24
846,TQEYVtsPX9FXnKK75vZ3zJY5eAEeQFYzMZ,5206671.759505,5207723.08,0.0000,2024-09-21 12:19:33
847,TMi5uHemf5z1po9duEYCYXhhajyKdW6SXd,5200200.000000,5201250.01,0.0000,2024-09-07 09:48:57
848,TF7fvXKqCGyr1z4LYBbd6RNBZ3V36iAYQV,5200000.000000,5201049.97,0.0000,2024-09-12 18:46:27
849,TG5aAAaCL9ZGxk3XqxYmSf7mBKkE3ZcTPb,5197558.810402,5198608.29,0.0000,2024-09-19 15:05:30
850,TGbDbDHfQpJEqJjcHVo6vQtvFZdEpYR4NJ,5195105.573606,5196154.56,0.0000,2024-03-14 10:15:45
851,TFvVT8fwiwknmdXSiJMXP7YenJ9GKQeVQ9,5187958.258208,5189005.80,0.0000,2023-09-29 00:26:27
852,TLk84R9C4hKv3oDM621EZtp75RWXxzv9SZ,5185635.400426,5186682.47,0.0000,2024-09-20 06:31:03
853,TLcCmwz5PaKuCdSc1rPgeCPEti95NDjZnR,5181764.647715,5182810.94,0.0000,2024-09-01 10:35:42
854,TWdKx7gHdBNYMSMQCnKfBmJnQeGczSgi16,5177305.802475,5178351.19,0.0000,2024-06-28 20:50:03
855,TRJzAjsAHgXH7mzWixkZgoTHM5o74s6jTc,5174644.000000,5175688.85,0.0000,2024-09-03 08:38:18
856,TY6ST8xWkWQwnH5TPfrEnE8P3XuPWMmiu5,5172852.099145,5173896.59,0.0000,2024-09-21 11:06:09
857,TVWtcHWHR8rGCXV7WFsz2hAeov1TVBH9GM,5171583.310000,5172627.54,0.0000,2023-08-14 20:58:54
858,TBWZTdo1wUJAaBhqespWVzrFciUFMbVUDX,5157108.151116,5158149.46,0.0000,2024-09-13 08:34:12
859,TCHuxsdNq9jSHrFTGNiN2PTAFwELQD2tdN,5154544.164660,5155584.96,0.0000,2024-07-22 08:45:42
860,TG1behizYfNrrzAoNS1tSL86pEbgb53LtN,5151369.444820,5152409.60,0.0000,2024-09-20 17:12:03
861,TVbAG8XDpP3io2k8baWPaEQLdW5uXFgVLM,5147293.954322,5148333.28,0.0000,2024-09-20 14:33:39
862,TD3pQqdAHw4D4Gq92ZxbypV5vYaX7KmYxz,5141718.122626,5142756.32,0.0000,2024-09-21 09:20:39
863,TKudtUMNWDfpfhiFza8YTfXLKAYBsAtrHk,5138829.822871,5139867.44,0.0000,2024-09-19 12:49:54
864,TVFXGxKSTpA6bHNDKi3XSWgUBUZG8XdbT5,5130102.146702,5131138.00,0.0000,2024-08-08 06:50:27
865,TWqRU2raHVzBczYv5tsQiNY51S43H4AdmK,5125842.017885,5126877.01,0.0000,2024-06-20 15:21:51
866,TDoyjmPJHzRFmYfCRLRsPhKjLETwd9fKr9,5112702.736271,5113735.08,0.0000,2024-09-21 12:25:06
867,TAK3VPTE7K4ioHgf3sHGQjWn21ah7NyN5W,5110101.000000,5111132.82,0.0000,2024-05-12 11:12:18
868,TZEB7EEZ1Aj1eWaUhQ2HkrqnB3qHUXbRpR,5110011.000000,5111042.80,0.0000,2024-09-20 07:23:51
869,TF827FefN9ydMXmbpnTHyfLFxVv9B2r8TX,5098305.081712,5099334.52,0.0000,2024-07-05 17:35:21
870,TQKYTZFUME7hUxkVHpJJaJxWCwvYeV5B8L,5095014.003609,5096042.78,0.0000,2024-09-20 15:54:09
871,TSQnpV9Qwg8AsJwA79fr7eg6ydMMAR9ePY,5092726.674786,5093754.98,0.0000,2024-09-20 15:49:06
872,TJfhR6ojdCZMiGNJ6vbkpURYAMWSmKTisD,5090011.446364,5091039.21,0.0000,2024-09-03 19:36:00
873,TPUetsbRk623qpVuaVqG3ejuQnX2CuVXzw,5082547.635152,5083573.89,0.0000,2024-09-11 08:10:27
874,TANhaKcnvAHgzJP1WPA5Q2VG8RwCFGnL4D,5082516.000000,5083542.25,0.0000,2022-12-11 13:51:57
875,TX9byexNonG4yo7KKWkquhJuY4UzftUjED,5079962.952436,5080988.69,0.0000,2024-07-23 05:51:00
876,TRC9qFUbc1K55yQbAFXXWBwCdfkeD5hTtY,5078712.880147,5079738.36,0.0000,2023-09-14 22:30:21
877,TJCZUtZvcVHhNSjzsjKj2t1J1LHAPuGev3,5069717.033673,5070740.70,0.0000,2024-09-17 05:22:54
878,TNkJ2e3xmpt57r7hkWQhzi9CDEhcdBMByt,5067476.995676,5068500.21,0.0000,2024-05-15 05:19:39
879,TNa9yu2dkKuAp98rohv5dsrQk1EXfM34RB,5064697.086213,5065719.74,0.0000,2024-08-30 15:38:45
880,TY9KphxYMt4VKLtgWLNfhmD7JzsrAJsNVa,5060380.764987,5061402.54,0.0000,2024-07-02 03:42:21
881,TS8d3ZrSxiGZkqhJqMzFKHEC1pjaowFMBJ,5059209.045404,5060230.59,0.0000,2024-09-21 12:12:27
882,TJfff4rmq62zq9J1Pd4QeY4wHG6DwnXbwy,5058000.000000,5059021.30,0.0000,2024-09-15 06:53:06
883,TMuBPTgAXxhdgSpb8m7TC4R8PBgNKNY1BK,5057358.713013,5058379.88,0.0000,2024-09-18 13:59:27
884,TJNAwkUkoFr4QQHHFPU2ByAeQpqwcee51t,5056395.433955,5057416.41,0.0000,2024-09-20 16:00:03
885,TQkW2utHW8GM3Q45a3g3MMAb5bNYMBcPfB,5055977.000000,5056997.89,0.0000,2024-09-10 22:14:06
886,TFR1qXiQLb714WKzb9Prkv7PZWAk2omRQf,5055936.338054,5056957.22,0.0000,2024-09-20 07:02:36
887,TPQiUuF3JRkkRJH8kaNYsQziyU71vdjaeW,5044054.329999,5045072.81,0.0000,2024-09-20 16:51:03
888,TAhc593VbJs95cj44qmsUFVtckV3J35izE,5043755.020000,5044773.44,0.0000,2022-10-24 01:18:30
889,THm3Yd1y8a2KdqVEfbvKbytDDJaQMphwtK,5036112.523001,5037129.40,0.0000,2024-08-02 06:59:45
890,TAFGxwxxH7jgdZtw9nqv98i7wNjPjea4me,5020230.000000,5021243.67,0.0000,2024-08-31 09:57:42
891,TK8xcy9jo1UZmhERHiAWexhmCkACyk8wr2,5018179.437132,5019192.69,0.0000,2024-09-17 10:42:27
892,TRU4hycB6kcW7XTLzxocjo3EkYLbyfgmE7,5015768.471880,5016781.24,0.0000,2024-09-18 17:01:12
893,TZFQncq8jyzyDq5z1QYsnzkBaZEwz2jqrm,5012461.000000,5013473.10,0.0000,2024-09-13 07:08:39
894,TFnL2sJ5eqK9gMsCM9CPMHRHXVNV8m2u9u,5012322.000000,5013334.07,0.0000,2024-09-13 07:10:48
895,TRkxPBJCiP6rhr98AGgzSuZH2UGFpNwsjy,5010999.000000,5012010.81,0.0000,2024-09-08 03:23:09
896,TGN7cH6vfNtbuLeHp4gMQn1gtiftQSAtWc,5010202.223978,5011213.87,0.0000,2024-09-20 16:36:36
897,TK781gXGPKjQ16i7K7T65U8tRd4f3BDmQX,5009214.799203,5010226.25,0.0000,2024-09-11 10:17:27
898,TFJzmyDJoWQb3RMWq3SYKRAnLvfoaSWifv,5007434.359973,5008445.45,0.0000,2024-09-06 14:49:18
899,TDvuPFDKvhHxz4LuoiwU7V8YpNssMA5c4S,5006844.573000,5007855.54,0.0000,2024-09-16 09:37:45
900,TCNCX4257qfot3ui8nw3RDYMzWEN8H837R,5005522.615000,5006533.32,0.0000,2023-11-26 01:20:42
901,TNsCnbjbCAQhiGMZoatJSN623fnCCMvEEk,5003679.213857,5004689.54,0.0000,2024-04-26 15:02:15
902,TLYZbHzzAWZZL3N3asz9dqEo1BkW1jZ4uN,5003425.601330,5004435.88,0.0000,2024-07-02 07:15:12
903,TAnQvJ7RE9eUiNu4tpypKmmkPPv5WKNAvc,5003125.509091,5004135.73,0.0000,2024-09-05 17:26:27
904,TLkJMe9E1vPebYezdBJ3aS5zUvvVmdaJ9n,5002519.003000,5003529.10,0.0000,2024-08-28 09:29:18
905,TPdmbeLoWhPQPgo7YHLR6ujFwjtw73QRG5,5002500.000000,5003510.09,0.0000,2023-11-10 12:18:06
906,TQkcF1AYzb2j3BVqzXrrcj8ftYKA5EAYAR,5001312.478280,5002322.33,0.0000,2024-09-01 09:22:33
907,TRd2cv9sJtDNyjPCpomtqP34LLDXkCnUnU,5001017.125886,5002026.92,0.0000,2024-08-09 14:02:36
908,TCr7MYAwnzgQUnKvXjR5moN8hGdVHWa7DC,5001006.551429,5002016.34,0.0000,2024-08-02 15:29:09
909,THDwvZjVzKpy8VD8HtuKJHkUzzUTSHoutk,5000813.253790,5001823.00,0.0000,2024-09-11 12:10:12
910,TEDFAwoKiRWBQ7yiyRCiAW2y2Vw6PVhjqB,5000758.879844,5001768.62,0.0000,2024-09-12 05:25:39
911,TBNAqyjtp7oD14E1FjrLh3kepFqym89JZc,5000745.914718,5001755.65,0.0000,2024-09-11 15:25:21
912,TPKwDhn93wE6GxbGQihhfUonVXzLzEH9uJ,5000452.850000,5001462.53,0.0000,2024-07-26 11:53:09
913,TTEy5Z67Cp38jgFPjd61c2yySrGYoJF9pQ,5000300.070350,5001309.72,0.0000,2024-09-15 15:58:39
914,TLHC6RMkwRFCSUe1FoT8R68krPXXbPcbuY,5000200.001000,5001209.63,0.0000,2024-06-01 11:53:42
915,TCcJw6jzwfuLUfzK3gTGH4kACNmSNk3xr5,5000103.000000,5001112.61,0.0000,2024-09-02 16:31:06
916,TWfsK7n9AgwKwt3LjuGnQnXTS8cP5B8ojh,5000100.000000,5001109.61,0.0000,2024-07-09 15:29:09
917,TSNvzYJSWPoUKJb9JiRzrUMpkNadcPVou9,5000100.000000,5001109.61,0.0000,2024-08-04 19:46:21
918,TM6vaodc5yMqr6CfmUzr5NpbFfp17Dey5x,5000100.000000,5001109.61,0.0000,2024-06-13 10:48:27
919,TFZ9PiCERajMWWC3sx7FCddarzai64MsSG,5000100.000000,5001109.61,0.0000,2024-05-31 10:23:45
920,TDGda4nxbsnPBgQx4k1EmDN4epqd3MJE1J,5000100.000000,5001109.61,0.0000,2024-07-10 15:35:12
921,TCVaR6SaRfQj2ghzGpRhZxWTpt4gDxJ3iE,5000100.000000,5001109.61,0.0000,2024-09-03 16:31:03
922,TACAtV47AUcxfo1HFdLeVzzRqxpEg8d3wc,5000100.000000,5001109.61,0.0000,2024-08-21 12:13:24
923,TRQFtuFZNfG59UJHBBn1BpEVtbZkRz9d2s,5000076.215400,5001085.82,0.0000,2023-11-19 21:35:54
924,TT4QvAaJokwdy3VmGFJUrcnwrwMhF4ADzn,5000041.000000,5001050.60,0.0000,2024-09-11 12:22:48
925,TWy7gYxMeUahdeBRiqsTY9ji8ULULEEq9d,5000026.222951,5001035.82,0.0000,2024-09-04 09:32:24
926,TERiUUsYQsNwWaxo6YDBY9kW2GCfSDPPhL,5000026.000001,5001035.59,0.0000,2022-11-30 07:50:51
927,THqTNCpxFyhuGCtuzkNoMDUA85nWBTJR2Z,5000021.327665,5001030.92,0.0000,2024-08-21 12:00:27
928,TTABrT958RrpFzyNtvahJnWoq2Q8Bn4Yeg,5000020.000000,5001029.59,0.0000,2023-09-19 14:33:00
929,TCtLWfSGcDwCfzJr9kf4SWSfjxdxyNFW6c,5000019.006566,5001028.60,0.0000,2023-08-14 16:03:06
930,TQ2EpvKZx1BoySNJKTdJ1RFaMpqbfwAnJH,5000017.800000,5001027.39,0.0000,2024-07-31 16:02:27
931,TMaNG4RWzbjPUbgTQ6odLwCGWrgyQphErq,5000012.899019,5001022.49,0.0000,2024-05-12 08:17:42
932,TTjV4yiUcwSZDfvTXYmXnoFPy8sgQ3vxkw,5000012.241697,5001021.83,0.0000,2024-04-07 03:14:42
933,TY5U2DfdvMiomnTqeesUBocgBtEJtuAqkc,5000010.000000,5001019.59,0.0000,2024-04-04 15:48:18
934,TB2v5LkyE4EV7e5XzU4UizHJ2YCLQBHAc9,5000009.000000,5001018.59,0.0000,2024-02-02 15:38:33
935,THFJrBg7eVHBBWdd54J9Sep2EwTgmqwv8W,5000007.120000,5001016.71,0.0000,2024-07-19 10:12:57
936,TP2HopkBviQYaoxwDwCncos1zP9Lg1Khy5,5000005.716440,5001015.30,0.0000,2024-08-31 10:20:27
937,THDmYTaG1jruXd6TwWr4CAQdfwyZBM69sS,5000004.480988,5001014.07,0.0000,2024-09-18 21:36:42
938,TAE56VDpvW2jAGcLGRFC9rFd6kFTjt66vX,5000004.458200,5001014.05,0.0000,2024-06-13 16:05:42
939,TD9vFyagwWb1W8TWbX75pEjjWqv99nMXDD,5000003.500001,5001013.09,0.0000,2024-09-07 11:58:12
940,TLkEx9h9u4XhjmaviWEmfv28XJrtjTGDpi,5000002.850000,5001012.44,0.0000,2024-06-17 21:38:15
941,TSLmSbiyG4rviwafMLuGZ5zYHeU6xSM16H,5000001.489860,5001011.08,0.0000,2024-07-14 06:34:03
942,TCRJbazXTBrWqMtdX3qRYV3vTfEdFGhasa,5000001.000000,5001010.59,0.0000,2024-09-20 03:41:45
943,TXxXZ1kUjXp3gX6L47EmG3q2V5tu2hjGuK,5000000.755815,5001010.34,0.0000,2023-10-08 12:14:48
944,TSet7nEJYYmXZtLc8wVdgAjbhXfjd9afmi,5000000.700000,5001010.29,0.0000,2024-06-17 13:00:09
945,TJguuCShrJwcz9rTCfqTvNxCeP6UTGUt5N,5000000.650100,5001010.24,0.0000,2024-06-17 21:32:48
946,TDsXavTM1N2PEK3fs1ns2rDrHvNswtwQ1D,5000000.644042,5001010.23,0.0000,2024-07-17 13:13:18
947,TQWB1TuKaHH4pnYgZXxoG4ZYyWVrzJvfmk,5000000.500000,5001010.09,0.0000,2024-06-17 13:19:21
948,TKXEPHxoYXcZ64UauqpePvDnxKKkRZLrAo,5000000.450100,5001010.04,0.0000,2024-06-17 21:55:42
949,TXX58j5iMk24Mf6YDjq1wsZ56g6XpQ9aEa,5000000.212160,5001009.80,0.0000,2024-09-17 13:55:33
950,TEycitNviu2BmT2Pw8D7x7LsvfPYBCkCD2,5000000.200000,5001009.79,0.0000,2024-06-17 13:14:09
951,TGKC678ynWWJCLHRB7mbCDmhMkAUysT4Cp,5000000.035907,5001009.62,0.0000,2023-09-21 13:00:21
952,THBjhkKM1M2yB6RYtEfP71FAety7kMk8Zo,5000000.035500,5001009.62,0.0000,2024-08-03 02:49:30
953,TKo53hBki7opTXX7RbPrHp9ZWgcEnp3QGZ,5000000.020000,5001009.61,0.0000,2024-01-11 13:52:24
954,TKzEVK3qrqpFrrrSSGA7DrFXP2XA7SzbpY,5000000.010000,5001009.60,0.0000,2024-07-17 12:15:03
955,TPo1qqsJSeFCXvob5FgfDcQM9SgEgvCny9,5000000.002000,5001009.59,0.0000,2024-07-13 05:54:48
956,TXs2nvgFgitLmdjJn5k5Pp4C8aJH1mAFgT,5000000.000000,5001009.59,0.0000,2024-06-12 12:35:45
957,TXMEwchs1H7cAu71VNz1tJZskEHQtMJKTd,5000000.000000,5001009.59,0.0000,2024-07-06 08:20:30
958,TXC6zdGGZFBij3FEfix71bTZ8R6RSiuQHC,5000000.000000,5001009.59,0.0000,2023-09-29 17:06:48
959,TXBBWE88by51hNUUkTEYqgPRAw8SoXhjBT,5000000.000000,5001009.59,0.0000,2024-09-14 12:11:18
960,TWhT6c54qxvFeBPbENRbri7MmVNnQRfRS6,5000000.000000,5001009.59,0.0000,2024-09-20 15:30:03
961,TWJAGRS992TZC85HrbmVyCWay1rksKWJRd,5000000.000000,5001009.59,0.0000,2024-04-11 11:29:54
962,TVhzZ2puh9xGS7XwyKdUAPrQDyhrmAUTpJ,5000000.000000,5001009.59,0.0000,2024-09-14 12:12:06
963,TUerT13LhGQdYT8588CWsoRXVZXaLppsbM,5000000.000000,5001009.59,0.0000,2023-11-25 08:36:48
964,TTrAe2S3Dkuciz6GNTBeRjf9L2LcpwZnie,5000000.000000,5001009.59,0.0000,2024-08-19 07:42:24
965,TSgRF6LbtRvKCuMP3Z76ATjDbo3nJhBUrV,5000000.000000,5001009.59,0.0000,2023-10-26 16:23:06
966,TRpKUi7HvJ2i1TAbDDoPzSvAzHsvrPafaJ,5000000.000000,5001009.59,0.0000,2024-07-09 10:41:57
967,TRbEtgPfw37p4wTQijWwa4Ni6r6q7sFgnW,5000000.000000,5001009.59,0.0000,2024-09-06 12:03:06
968,TRNQc7qJGVfv8q6JkxnGJrBu5Ei37dpDoR,5000000.000000,5001009.59,0.0000,2024-09-08 13:47:27
969,TQmHozLGMXChKkkw12Qj3LLi58wtAy9is5,5000000.000000,5001009.59,0.0000,2024-05-31 11:12:09
970,TQAHz2sGwYsDPw4EQRBC37kHUyhXJronAX,5000000.000000,5001009.59,0.0000,2024-08-13 15:01:30
971,TQ7v9U8sofgzt3Ki9ttoz21VzkeYCVW4wk,5000000.000000,5001009.59,0.0000,2024-09-06 16:47:57
972,TPFET2VDCTU5Kjdt5WmppRQWsURacofhAc,5000000.000000,5001009.59,0.0000,2024-07-08 15:43:18
973,TMqdiBr2ExrKQpCysR9gGYBhzdVfCPHGYM,5000000.000000,5001009.59,0.0000,2024-07-06 16:33:24
974,TMg9qu4pNgmUjUGAFG5ytH9k88tFpabKJf,5000000.000000,5001009.59,0.0000,2023-12-22 13:07:33
975,TMV1Pv6aKtMdWxhHpT972H5HkECKJyddsW,5000000.000000,5001009.59,0.0000,2024-08-16 16:40:27
976,TLHCRm7AuHBQttZXpyuzA27RiLMuV3CfXH,5000000.000000,5001009.59,0.0000,2024-08-16 16:36:30
977,TJMYJBA47BaipGXPu85QPvH8zePUyf7rwn,5000000.000000,5001009.59,0.0000,2024-09-20 15:30:03
978,TJDHc9L8tosrv9NZMv5FyreWXUsX2STFiK,5000000.000000,5001009.59,0.0000,2024-07-25 06:19:39
979,THp1Zx1xc2PJx2vEkydKnhmsA6bgb7gcBM,5000000.000000,5001009.59,0.0000,2023-11-02 12:33:54
980,THduyRcj2PRNWN1XviSqW3FdH23qmTFUpp,5000000.000000,5001009.59,0.0000,2024-05-31 13:13:24
981,TGXn4cbR7PHYKa6YwhXyvpZw7ZtZBXBuva,5000000.000000,5001009.59,0.0000,2024-05-06 09:16:03
982,TFBJjc6ibV4geLbHzvDiQAJZf2a81AoSG7,5000000.000000,5001009.59,0.0000,2023-11-02 12:31:51
983,TDWa2mNhD5UhwX1D5Mx4AojfcKiLAW73Ju,5000000.000000,5001009.59,0.0000,2023-09-29 17:04:06
984,TAbvq6ebGmvGi2qdjSTJ9RUjcJgtE7JvmT,5000000.000000,5001009.59,0.0000,2024-09-20 15:29:21
985,THfeuGkWEdW1QeYxJBnKtz9u6kNCG68pCz,4999998.802000,5001008.39,0.0000,2024-03-28 19:10:42
986,TVkLtRZaqM8Uv6RZ8ZZU1wkU5iSi5351mN,4999990.000000,5000999.58,0.0000,2024-07-05 11:21:45
987,TFTX9gy3UaYWR4dcCsDHzE3CYpWBWS3zLT,4999596.000000,5000605.51,0.0000,2024-09-13 07:07:30
988,TMpH4RM7obuJWDQ5LLNpFgFtMut6RTBYa7,4998287.386404,4999296.63,0.0000,2023-09-15 09:17:12
989,TXrWvRynisfGumoupd5UBe36WBMCjiwAkZ,4998193.000000,4999202.22,0.0000,2024-09-13 07:13:57
990,TGmRDaBopTC9aqRvCz6EoYuxG3qtv9V5rG,4997906.427251,4998915.59,0.0000,2024-08-28 09:35:03
991,TVsU4QksgmwXZUxLf7oB6U3ixPTE3vcR3s,4996154.000000,4997162.81,0.0000,2024-09-13 07:11:54
992,TUFzffjvKCdTBqkKrwzy1mJCaBAky4AkF7,4990000.490145,4991008.06,0.0000,2024-06-29 09:46:09
993,TSCuJ3T29A3oafbVs7QWfAHDTj94q22UHC,4985468.000000,4986474.65,0.0000,2024-05-31 10:14:21
994,TMxVSBSzPHbSNJmbuiXjWk5hzhvkTwbxNo,4980002.951005,4981008.50,0.0000,2024-08-25 13:50:27
995,TNueYe1kisL4MsXkEyTdSqxoHKNf3gFqVd,4976223.602159,4977228.39,0.0000,2024-09-20 12:51:18
996,TSs8uM5duR3kFc5u7v4dpMNJxGbKXboAm2,4975850.197525,4976854.91,0.0000,2024-09-21 10:20:12
997,TWDfae42YFY38U8a2xGRWZL62ZBaDMDByi,4972186.307924,4973190.28,0.0000,2024-06-15 07:00:42
998,TG1PjN7kR2bBUuKHtvwBWs8STaB28N5Hif,4971151.624197,4972155.39,0.0000,2024-09-21 12:00:24
999,TPfeyTeAS4Yf2FkSNSo5mzXASFyPgnShSs,4962421.228600,4963423.23,0.0000,2024-09-20 18:54:39
1000,TQp33uQZHhYmRSPMuf7kcYjsJRdkjzKnC6,4962419.519772,4963421.52,0.0000,2024-09-16 11:50:21
